m_index,genre
0,Drama
1,Animation
1,Children's
1,Musical
2,Musical
2,Romance
3,Drama
4,Animation
4,Children's
4,Comedy
5,Action
5,Adventure
5,Comedy
5,Romance
6,Action
6,Adventure
6,Drama
7,Comedy
7,Drama
8,Animation
8,Children's
8,Musical
9,Adventure
9,Children's
9,Drama
9,Musical
10,Animation
10,Children's
10,Musical
11,Musical
12,Drama
13,Comedy
14,Musical
15,Comedy
16,Animation
16,Children's
17,Animation
17,Children's
18,Drama
19,Comedy
19,Fantasy
20,Comedy
21,Animation
22,Comedy
22,Sci-Fi
23,Drama
23,War
24,Romance
25,Animation
25,Children's
25,Musical
25,Romance
26,Children's
26,Drama
26,Fantasy
26,Sci-Fi
27,Drama
27,Romance
28,Drama
29,Animation
29,Comedy
29,Thriller
30,Animation
30,Children's
31,Drama
32,Adventure
32,Animation
32,Children's
32,Comedy
32,Musical
33,Animation
33,Children's
33,Comedy
33,Musical
34,Animation
34,Children's
35,Animation
35,Children's
35,Musical
36,Drama
37,Animation
37,Children's
37,Musical
38,Thriller
39,Drama
40,Animation
40,Children's
40,Comedy
41,Drama
42,Drama
43,Action
43,Crime
43,Romance
44,Action
44,Adventure
44,Fantasy
44,Sci-Fi
45,Children's
45,Comedy
45,Musical
46,Animation
46,Children's
46,Musical
47,Drama
48,Action
48,Drama
48,War
49,Children's
49,Drama
50,Animation
50,Children's
50,Comedy
51,Crime
51,Drama
51,Thriller
52,Drama
53,Drama
53,Romance
54,Drama
55,Comedy
56,Drama
56,War
57,Action
57,Crime
57,Drama
58,Action
58,Adventure
58,Mystery
59,Crime
59,Drama
60,Action
60,Adventure
60,Fantasy
60,Sci-Fi
61,Drama
62,Action
62,Adventure
62,Sci-Fi
62,Thriller
63,Drama
64,Action
64,Adventure
64,Romance
64,Sci-Fi
64,War
65,Action
65,Thriller
66,Action
66,Thriller
67,Crime
67,Drama
68,Action
68,Drama
69,Action
69,Thriller
70,Comedy
70,Drama
70,Western
71,Drama
71,War
72,Action
72,Adventure
72,Crime
73,Action
73,Crime
73,Mystery
73,Thriller
74,Action
74,Drama
75,Comedy
75,Drama
75,Romance
76,Comedy
76,Drama
76,War
77,Drama
77,Sci-Fi
78,Action
78,Thriller
79,Action
79,Drama
79,Thriller
80,Drama
81,Drama
82,Drama
82,Romance
83,Action
83,Comedy
83,Western
84,Adventure
84,Comedy
84,Drama
85,Drama
85,Thriller
86,Action
86,Adventure
86,Sci-Fi
86,Thriller
87,Drama
88,Comedy
88,Romance
89,Comedy
89,Drama
90,Action
90,Thriller
91,Action
91,Drama
91,Romance
91,Thriller
92,Action
92,Drama
92,War
93,Action
93,Crime
93,Thriller
94,Action
94,Thriller
95,Drama
95,Thriller
96,Drama
96,Sci-Fi
97,Action
97,Sci-Fi
97,Thriller
98,Action
98,Horror
98,Sci-Fi
99,Action
99,Drama
99,War
100,Drama
101,Crime
101,Drama
102,Drama
103,Drama
104,Comedy
104,Drama
105,Drama
106,Drama
107,Action
107,Sci-Fi
108,Drama
109,Drama
109,Romance
110,Action
110,Romance
110,War
111,Crime
111,Drama
112,Adventure
112,Drama
112,Romance
112,Sci-Fi
113,Action
113,Adventure
113,Sci-Fi
114,Drama
115,Drama
115,Romance
115,War
116,Comedy
116,Romance
117,Action
117,Thriller
118,Action
118,Drama
118,Romance
119,Action
119,Adventure
119,Sci-Fi
120,Action
120,Thriller
121,Crime
121,Drama
121,Film-Noir
121,Thriller
122,Action
122,Drama
122,War
123,Adventure
123,Drama
123,Western
124,Action
124,Adventure
124,Drama
124,Sci-Fi
124,War
125,Action
125,Adventure
125,Thriller
126,Action
126,Adventure
126,Romance
126,Thriller
127,Action
127,Adventure
128,Drama
128,Thriller
129,Comedy
130,Action
130,Thriller
131,Comedy
131,Horror
132,Action
132,Sci-Fi
132,Thriller
133,Action
133,Adventure
133,Sci-Fi
133,Thriller
134,Comedy
134,Romance
135,Crime
135,Drama
136,Action
136,Crime
136,Drama
136,Thriller
137,Action
137,Mystery
137,Romance
137,Thriller
138,Comedy
139,Action
139,Drama
140,Drama
141,Comedy
141,Drama
142,Drama
143,Drama
144,Action
144,Romance
144,Thriller
145,Action
145,Comedy
145,Drama
146,Action
146,Thriller
147,Drama
147,War
148,Action
148,Adventure
148,Comedy
148,Romance
149,Drama
150,Action
150,Adventure
150,Thriller
151,Action
151,Thriller
152,Drama
153,Drama
153,Romance
153,War
154,Action
155,Action
155,Sci-Fi
156,Action
156,Drama
157,Action
158,Comedy
158,Drama
159,Drama
160,Action
160,Sci-Fi
160,War
161,Drama
161,Romance
162,Drama
163,Action
163,Comedy
163,Crime
163,Drama
164,Comedy
164,Drama
165,Drama
165,Romance
166,Action
166,Adventure
166,Romance
167,Drama
168,Comedy
168,Drama
169,Drama
170,Comedy
170,Drama
170,Romance
171,Comedy
171,Romance
171,War
172,Drama
173,Comedy
173,Thriller
174,Drama
174,Romance
175,Comedy
176,Comedy
177,Comedy
178,Comedy
179,Comedy
180,Action
180,Adventure
180,Comedy
181,Action
181,Comedy
182,Comedy
183,Comedy
184,Comedy
185,Adventure
185,Thriller
186,Action
186,Adventure
187,Action
187,Adventure
187,Fantasy
188,Action
188,Adventure
188,Horror
189,Action
189,Adventure
189,Comedy
189,Sci-Fi
190,Comedy
191,Action
191,Adventure
192,Action
192,Adventure
192,Comedy
192,Horror
193,Action
193,Adventure
193,Comedy
194,Western
195,Action
195,Adventure
195,Thriller
196,Action
196,Comedy
196,Western
197,Action
197,Comedy
197,Western
198,Comedy
199,Action
199,Comedy
199,Western
200,Adventure
200,Comedy
201,Adventure
201,Drama
202,Action
202,Adventure
202,Horror
202,Thriller
203,Comedy
203,Western
204,Adventure
204,Thriller
205,Action
205,Adventure
206,Comedy
207,Animation
207,Children's
207,Comedy
207,Musical
207,Romance
208,Action
208,Western
209,Action
209,Horror
209,Sci-Fi
209,Thriller
210,Action
210,Thriller
211,Action
211,Sci-Fi
212,Action
212,Adventure
212,Horror
213,Action
213,Horror
214,Action
214,Sci-Fi
214,Thriller
215,Action
215,Western
216,Action
217,Action
217,Sci-Fi
217,Thriller
218,Adventure
218,Animation
218,Film-Noir
219,Drama
220,Comedy
220,Sci-Fi
221,Comedy
221,Romance
222,Action
222,Thriller
223,Drama
224,Drama
224,Romance
225,Comedy
225,Drama
226,Crime
226,Drama
227,Comedy
228,Drama
228,Romance
228,Thriller
229,Crime
229,Drama
229,Romance
229,Thriller
230,Romance
231,Comedy
232,Drama
232,Romance
233,Drama
234,Drama
235,Drama
236,Drama
236,War
237,Action
237,Sci-Fi
238,Drama
238,Romance
239,Drama
239,War
240,Action
240,Thriller
241,Animation
241,Children's
242,Crime
242,Thriller
243,Animation
243,Comedy
244,Crime
244,Drama
245,Documentary
246,Crime
246,Film-Noir
246,Mystery
246,Thriller
247,Comedy
248,Drama
249,Drama
250,Drama
250,Horror
251,Mystery
251,Sci-Fi
251,Thriller
252,Comedy
252,Drama
252,Romance
253,Thriller
254,Drama
254,Thriller
255,Action
255,Crime
255,Thriller
256,Drama
257,Drama
257,Romance
258,Drama
258,Mystery
259,Crime
259,Thriller
260,Comedy
261,Documentary
262,Documentary
263,Horror
263,Romance
264,Action
264,Romance
264,Thriller
265,Drama
266,Comedy
266,Drama
267,Drama
267,Thriller
268,Horror
268,Sci-Fi
269,Comedy
269,Drama
270,Drama
271,Drama
271,Romance
272,Action
272,Crime
272,Romance
273,Comedy
273,Horror
274,Comedy
275,Comedy
275,Drama
276,Documentary
277,Action
277,Adventure
277,Sci-Fi
277,Thriller
278,Horror
279,Drama
280,Drama
281,Drama
282,Drama
283,Drama
283,Romance
284,Drama
285,Comedy
285,Drama
286,Romance
287,Action
287,Adventure
287,Comedy
288,Sci-Fi
288,Thriller
289,Drama
290,Comedy
291,Crime
292,Drama
292,Mystery
293,Action
293,Crime
294,Horror
294,Sci-Fi
295,Drama
296,Action
296,Drama
297,Action
297,Drama
298,Comedy
299,Drama
299,Romance
300,Action
301,Crime
301,Horror
302,Thriller
303,Drama
303,Romance
304,Thriller
305,Drama
305,Mystery
305,Thriller
306,Drama
307,Comedy
307,Thriller
308,Drama
309,Documentary
310,Drama
311,Action
311,Adventure
312,Drama
313,Crime
313,Thriller
314,Comedy
314,Drama
315,Comedy
316,Comedy
316,Crime
317,Drama
318,Drama
319,Action
319,Romance
319,Thriller
320,Drama
321,Drama
321,Thriller
322,Drama
322,Sci-Fi
322,Thriller
323,Children's
323,Comedy
324,Crime
324,Drama
325,Horror
325,Mystery
325,Thriller
326,Drama
326,War
327,Action
327,Thriller
328,Drama
328,Thriller
329,Comedy
329,Romance
330,Drama
331,Children's
331,Comedy
331,Musical
332,Comedy
333,Comedy
333,Romance
334,Comedy
335,Comedy
336,Crime
336,Thriller
337,Drama
338,Film-Noir
338,Mystery
339,Drama
340,Drama
340,Thriller
341,Drama
342,Comedy
343,Comedy
343,Crime
343,Mystery
343,Thriller
344,Drama
344,Romance
345,Comedy
346,Comedy
346,Drama
347,Action
347,Comedy
347,Crime
347,Drama
348,Action
348,Thriller
349,Action
350,Comedy
351,Drama
352,Comedy
353,Drama
354,Comedy
355,Drama
356,Comedy
356,Drama
357,Comedy
357,Drama
358,Drama
359,Drama
359,Sci-Fi
360,Drama
361,Comedy
362,Documentary
363,Drama
363,Musical
364,Adventure
364,Sci-Fi
365,Comedy
365,Drama
366,Drama
367,Drama
368,Drama
369,Comedy
369,Romance
370,Drama
370,Romance
371,Comedy
371,Drama
372,Drama
373,Comedy
374,Horror
375,Action
375,Romance
375,Thriller
376,Drama
376,Sci-Fi
377,Comedy
377,Drama
378,Drama
378,Romance
379,Comedy
380,Comedy
381,Children's
381,Comedy
381,Drama
382,Comedy
382,Romance
383,Drama
384,Western
385,Action
385,Adventure
385,Comedy
385,Romance
386,Action
386,Romance
387,Action
387,Crime
388,Adventure
388,Animation
388,Children's
388,Musical
389,Animation
389,Children's
389,Musical
390,Animation
390,Children's
390,Musical
391,Comedy
391,Romance
392,Comedy
393,Western
394,Western
395,Drama
395,Romance
396,Comedy
396,Romance
397,Western
398,Comedy
398,Drama
398,Romance
399,Comedy
399,Romance
400,Comedy
400,Romance
401,Children's
401,Comedy
402,Comedy
402,Musical
403,Musical
404,Action
404,Romance
404,Thriller
405,Comedy
405,Romance
406,Action
406,Drama
406,War
407,Western
408,Children's
408,Fantasy
408,Musical
409,Comedy
409,Drama
409,Romance
410,Musical
411,Drama
411,Romance
412,Comedy
412,Drama
412,Romance
413,Children's
413,Comedy
413,Western
414,Musical
414,Romance
415,Drama
416,Drama
416,Romance
416,War
416,Western
417,Drama
417,Romance
418,Comedy
418,Romance
419,Musical
419,Romance
420,Drama
420,Romance
420,War
421,Drama
421,Musical
422,Adventure
422,Children's
422,Comedy
423,Comedy
423,Romance
424,Comedy
424,Fantasy
424,Romance
425,Drama
425,Romance
426,Comedy
426,Musical
426,Romance
427,Children's
427,Comedy
428,Drama
428,Romance
428,Thriller
429,Comedy
429,Drama
430,Action
430,Thriller
431,Horror
432,Action
432,Sci-Fi
432,Thriller
433,Action
433,Thriller
434,Action
434,Crime
434,Drama
435,Drama
436,Drama
437,Drama
437,Romance
438,Drama
439,Drama
440,Animation
440,Children's
441,Action
441,Crime
441,Drama
442,Drama
443,Comedy
443,Drama
444,Drama
445,Drama
446,Comedy
446,Drama
447,Drama
448,Drama
448,Romance
448,War
449,Drama
450,Comedy
450,Drama
451,Drama
452,Drama
452,Romance
453,Drama
453,Romance
454,Drama
455,Adventure
455,Children's
455,Drama
456,Drama
457,Action
457,Comedy
457,Drama
458,Action
458,Drama
458,Thriller
458,War
459,Drama
459,Thriller
460,Drama
461,Drama
461,Thriller
461,War
462,Drama
463,Drama
464,Drama
464,Romance
465,Drama
465,Thriller
466,Comedy
466,Drama
467,Adventure
467,Animation
467,Sci-Fi
467,Thriller
468,Animation
468,Sci-Fi
469,Action
469,Drama
469,Romance
470,Drama
470,Romance
471,Drama
471,Romance
472,Drama
472,Romance
473,Action
473,Drama
473,War
474,Comedy
474,Crime
474,Drama
474,Mystery
475,Drama
476,Action
477,Drama
478,Drama
478,Musical
479,Drama
480,Drama
481,Drama
481,Romance
482,Drama
482,Horror
483,Drama
484,Drama
485,Comedy
485,Drama
486,Drama
486,Thriller
487,Drama
487,Romance
488,Crime
488,Drama
488,Mystery
489,Action
489,Crime
489,Drama
490,Drama
491,Drama
492,Drama
493,Action
493,Sci-Fi
493,Thriller
494,Drama
495,Action
495,Crime
495,Romance
496,Drama
497,Action
497,Crime
498,Drama
498,Romance
499,Comedy
500,Drama
500,Mystery
501,Drama
501,Thriller
502,Comedy
502,Drama
503,Drama
503,Thriller
504,Drama
504,Romance
505,Comedy
505,Drama
506,Drama
507,Drama
508,Drama
509,Drama
510,Drama
511,Drama
512,Action
512,Comedy
512,Sci-Fi
512,Thriller
513,Drama
514,Comedy
514,Crime
514,Fantasy
515,Comedy
516,Drama
517,Comedy
518,Drama
519,Drama
519,Thriller
520,Drama
521,Comedy
521,Romance
522,Comedy
522,Crime
523,Thriller
524,Drama
525,Drama
526,Action
526,Romance
527,Comedy
527,Drama
528,Action
528,Adventure
528,Sci-Fi
529,Drama
529,Thriller
530,Drama
531,Animation
531,Children's
531,Comedy
532,Horror
532,Sci-Fi
532,Thriller
533,Action
533,Adventure
533,Thriller
534,Comedy
535,Animation
535,Comedy
536,Drama
536,Romance
537,Comedy
538,Drama
538,Sci-Fi
539,Animation
539,Comedy
540,Comedy
541,Action
541,Thriller
542,Drama
543,Romance
544,Thriller
545,Drama
546,Action
546,Drama
546,War
547,Comedy
547,Romance
548,Drama
549,Documentary
550,Drama
551,Comedy
551,Fantasy
552,Comedy
552,Romance
553,Drama
554,Horror
555,Action
555,Horror
555,Sci-Fi
555,Thriller
556,Comedy
557,Drama
557,Romance
558,Adventure
558,Children's
558,Comedy
558,Fantasy
558,Sci-Fi
559,Film-Noir
559,Mystery
559,Thriller
560,Adventure
561,Comedy
562,Comedy
562,War
563,Comedy
564,Action
564,Sci-Fi
564,Thriller
565,Comedy
565,Drama
566,Children's
566,Comedy
567,Comedy
567,Romance
567,Thriller
568,Action
568,Children's
568,Fantasy
569,Action
569,Children's
569,Fantasy
570,Drama
571,Comedy
571,Romance
572,Romance
573,Adventure
573,Children's
573,Fantasy
574,Comedy
574,Sci-Fi
575,Action
575,Adventure
575,Comedy
575,Crime
576,Comedy
576,Romance
577,Adventure
577,Comedy
578,Adventure
578,Musical
579,Comedy
580,Animation
580,Children's
581,Drama
581,Romance
582,Animation
582,Children's
582,Drama
582,Fantasy
583,Comedy
583,Romance
584,Horror
584,Romance
585,Comedy
585,Mystery
585,Thriller
586,Action
586,Adventure
586,Sci-Fi
587,Action
587,Adventure
587,Crime
587,Drama
588,Animation
588,Children's
589,Drama
590,Action
590,Comedy
590,Crime
590,Drama
591,Children's
591,Fantasy
591,Sci-Fi
592,Comedy
593,Drama
594,Horror
595,Adventure
595,Children's
596,Animation
596,Children's
596,Comedy
596,Musical
597,Comedy
597,Drama
598,Comedy
599,Comedy
599,Sci-Fi
600,Comedy
600,Horror
601,Comedy
602,War
603,Comedy
603,Horror
603,Musical
603,Sci-Fi
604,Comedy
605,Action
605,Adventure
605,Sci-Fi
606,Children's
606,Comedy
606,Fantasy
607,Comedy
608,Animation
608,Children's
608,Comedy
608,Musical
608,Romance
609,Animation
609,Children's
609,Musical
610,Western
611,Sci-Fi
611,War
612,Animation
612,Children's
612,Fantasy
612,Musical
613,Drama
613,Romance
614,Comedy
615,Action
615,Sci-Fi
615,War
616,Comedy
616,Fantasy
617,Comedy
617,Musical
618,Comedy
619,Action
619,Adventure
619,Sci-Fi
620,Animation
620,Children's
621,Comedy
622,Adventure
622,Children's
622,Fantasy
623,Comedy
623,Drama
623,Western
624,Animation
624,Children's
625,Comedy
626,Children's
626,Sci-Fi
627,Comedy
628,Adventure
628,Children's
628,Fantasy
628,Sci-Fi
629,Mystery
629,Thriller
630,Action
630,Adventure
630,Sci-Fi
631,Comedy
632,Animation
632,Children's
632,Musical
633,Comedy
633,War
634,Comedy
634,Drama
635,Comedy
635,Horror
635,Musical
636,Adventure
636,Children's
636,Fantasy
637,Comedy
638,Comedy
639,Comedy
639,Romance
640,Drama
640,Romance
641,Action
641,Adventure
641,Sci-Fi
642,Comedy
642,Fantasy
643,Action
643,Adventure
643,Sci-Fi
644,Action
644,Adventure
644,Sci-Fi
645,Comedy
645,Romance
646,Action
646,Adventure
646,Sci-Fi
647,Action
647,Adventure
647,Comedy
647,Crime
648,Comedy
648,Romance
649,Musical
650,Children's
650,Drama
651,Action
651,Horror
651,Thriller
652,Comedy
653,Adventure
653,Children's
654,Children's
654,Comedy
655,Adventure
655,Children's
655,Fantasy
655,Sci-Fi
656,Adventure
656,Fantasy
657,Comedy
658,Comedy
659,Comedy
659,Drama
660,Drama
661,Drama
662,Drama
662,Mystery
662,Sci-Fi
662,Thriller
663,Crime
663,Drama
663,Sci-Fi
664,Action
664,Sci-Fi
665,Drama
666,Action
666,Sci-Fi
667,Comedy
668,Comedy
669,Action
669,Crime
669,Drama
670,Animation
670,Children's
671,Animation
671,Children's
672,Documentary
673,Adventure
673,Children's
673,Fantasy
674,Comedy
674,Drama
674,Romance
675,Action
675,Adventure
675,Comedy
675,Romance
676,Comedy
676,Sci-Fi
677,War
678,Action
678,Adventure
678,Fantasy
679,Romance
680,Adventure
680,Children's
680,Musical
681,Drama
682,Animation
682,Children's
682,Musical
683,Comedy
683,Sci-Fi
684,Drama
684,Romance
685,Drama
686,Comedy
687,Comedy
688,Comedy
689,Action
689,Adventure
689,Fantasy
690,Comedy
690,Romance
691,Comedy
692,Comedy
693,Drama
694,Drama
695,Comedy
695,Drama
696,Comedy
696,Musical
697,Action
697,Sci-Fi
698,Comedy
699,Comedy
700,Drama
700,Romance
701,Comedy
702,Action
702,Adventure
702,Sci-Fi
702,Thriller
703,Comedy
703,Drama
704,Drama
705,Comedy
706,Drama
707,Comedy
708,Comedy
708,Romance
709,Comedy
709,Romance
710,Comedy
711,Action
711,Comedy
711,Crime
711,Drama
712,Musical
713,Action
713,Comedy
713,Crime
713,Drama
714,Action
714,Sci-Fi
714,Thriller
714,War
715,Comedy
715,Horror
716,Drama
717,Adventure
717,Children's
717,Fantasy
718,Adventure
718,War
719,Action
719,Adventure
719,Romance
719,War
720,Action
720,Drama
720,Fantasy
720,Romance
721,Musical
722,Comedy
722,Musical
723,Comedy
723,Romance
724,Sci-Fi
724,Thriller
725,Comedy
726,Musical
726,Romance
727,Comedy
728,Action
729,Comedy
729,Romance
730,Comedy
731,Comedy
731,Crime
732,Comedy
732,Drama
733,Adventure
733,Comedy
733,Sci-Fi
734,Comedy
735,Comedy
736,Drama
737,Comedy
737,Sci-Fi
738,Comedy
738,Sci-Fi
738,Western
739,Children's
739,Comedy
739,Fantasy
740,Action
740,Adventure
740,Comedy
740,Horror
740,Sci-Fi
741,Adventure
741,Children's
741,Comedy
741,Fantasy
742,Comedy
743,Film-Noir
743,Sci-Fi
744,Comedy
745,Comedy
745,Romance
745,Thriller
746,Comedy
747,Drama
747,Fantasy
748,Action
748,Sci-Fi
749,Children's
749,Drama
749,Fantasy
750,Children's
750,Fantasy
751,Comedy
752,Documentary
753,Action
753,Drama
753,War
754,Fantasy
754,Sci-Fi
755,Action
755,Comedy
755,Musical
756,Comedy
757,Drama
757,Thriller
758,Adventure
758,Fantasy
758,Sci-Fi
759,Action
759,Sci-Fi
760,Comedy
760,Horror
761,Drama
762,Action
762,Sci-Fi
763,Drama
764,Adventure
764,Children's
764,Fantasy
765,Drama
766,Comedy
766,Romance
767,Action
767,Adventure
767,Fantasy
767,Sci-Fi
768,Animation
768,Children's
769,Comedy
769,Romance
770,Comedy
770,Crime
771,Comedy
772,Comedy
773,Drama
774,Comedy
775,Action
775,Adventure
775,Sci-Fi
775,War
776,Action
776,Adventure
777,Comedy
778,Children's
778,Comedy
779,Action
779,Adventure
779,Children's
779,Comedy
780,Comedy
780,Horror
781,Adventure
781,Children's
781,Fantasy
782,Adventure
782,Children's
782,Drama
782,Romance
783,Adventure
783,Children's
783,Sci-Fi
784,Children's
785,Comedy
785,Musical
786,Comedy
787,Comedy
788,Comedy
789,Drama
790,Horror
791,Comedy
792,Comedy
792,Drama
792,War
793,Comedy
794,Drama
794,Mystery
795,Documentary
796,Drama
796,Romance
797,Comedy
797,Drama
797,Musical
798,Children's
798,Comedy
799,Thriller
800,Comedy
801,Comedy
802,Drama
802,Romance
803,Comedy
803,Romance
804,Adventure
804,Comedy
805,Comedy
806,Comedy
806,Drama
807,Comedy
808,Comedy
808,Fantasy
808,Romance
808,Sci-Fi
809,Comedy
809,Drama
810,Comedy
811,Comedy
812,Comedy
813,Comedy
814,Comedy
814,Romance
815,Comedy
816,Comedy
817,Drama
818,Drama
818,Romance
819,Comedy
820,Documentary
821,Drama
821,Romance
822,Comedy
823,Adventure
823,Children's
824,Drama
824,Thriller
825,Comedy
826,Comedy
827,Drama
827,War
828,Comedy
828,Romance
829,Comedy
829,Crime
829,Drama
830,Comedy
831,Comedy
831,Drama
832,Comedy
833,Sci-Fi
834,Adventure
835,Crime
836,Action
836,Crime
837,Comedy
837,Horror
838,Horror
839,Adventure
839,War
840,Action
840,Adventure
840,Sci-Fi
841,Adventure
842,Adventure
842,Fantasy
842,Romance
843,Action
843,Adventure
843,Thriller
844,Adventure
844,Romance
845,Adventure
845,Western
846,Adventure
846,Children's
847,Adventure
847,Comedy
847,Sci-Fi
848,Action
848,Adventure
848,Mystery
849,Action
849,Romance
849,Thriller
850,Action
850,Drama
850,Mystery
851,Adventure
851,Comedy
852,Adventure
852,Children's
852,Fantasy
853,Adventure
853,Animation
853,Sci-Fi
854,Action
854,Adventure
854,Drama
855,Adventure
855,Romance
856,Action
856,Adventure
856,Sci-Fi
857,Action
857,Adventure
858,Adventure
858,Romance
858,Sci-Fi
859,Adventure
859,Comedy
859,Sci-Fi
860,Sci-Fi
861,Drama
861,War
862,Comedy
862,Romance
863,Drama
864,Comedy
864,Sci-Fi
865,Comedy
865,Drama
865,Romance
866,Comedy
867,Drama
867,Romance
868,Horror
869,Drama
869,Horror
870,Comedy
870,Romance
871,Comedy
872,Thriller
873,Thriller
874,Comedy
875,Comedy
875,Romance
876,Thriller
877,Horror
877,Thriller
878,Action
878,Adventure
878,Mystery
878,Sci-Fi
879,Action
879,Sci-Fi
879,Thriller
880,Comedy
880,Romance
881,Comedy
881,Romance
882,Film-Noir
882,Mystery
882,Thriller
883,Mystery
883,Thriller
884,Adventure
884,Drama
884,Thriller
885,Comedy
885,Horror
885,Thriller
886,Mystery
886,Thriller
887,Drama
887,Thriller
888,Comedy
888,Crime
889,Drama
889,Thriller
890,Comedy
891,Action
891,Thriller
892,Comedy
892,Drama
893,Crime
893,Drama
893,Thriller
894,Mystery
894,Thriller
895,Action
895,Thriller
896,Crime
896,Drama
896,Sci-Fi
897,Thriller
898,Thriller
899,Comedy
900,Comedy
901,Drama
902,Drama
903,Action
903,Thriller
904,Drama
904,War
905,Mystery
905,Thriller
906,Drama
906,Musical
907,Children's
907,Comedy
907,Fantasy
908,Drama
909,Action
909,Comedy
909,Crime
909,Horror
909,Thriller
910,Horror
910,Mystery
910,Thriller
911,Crime
911,Horror
911,Mystery
911,Thriller
912,Drama
913,Comedy
913,Crime
914,Crime
914,Horror
914,Thriller
915,Comedy
915,Drama
916,Western
917,Drama
917,Thriller
918,Comedy
918,Drama
918,Romance
919,Crime
919,Thriller
920,Crime
920,Drama
921,Crime
921,Drama
921,Mystery
921,Thriller
922,Crime
922,Thriller
923,Animation
923,Musical
924,Comedy
925,Mystery
925,Thriller
926,Drama
927,Comedy
928,Comedy
928,Romance
929,Action
929,Sci-Fi
929,Western
930,Action
930,Crime
931,Horror
931,Thriller
932,Comedy
933,Comedy
933,Romance
934,Action
934,Adventure
934,Sci-Fi
935,Action
935,Adventure
935,Children's
935,Comedy
936,Action
936,Sci-Fi
936,Thriller
937,Comedy
937,Romance
938,Children's
938,Comedy
939,Animation
939,Children's
940,Thriller
941,Comedy
941,Romance
942,Comedy
942,Romance
943,Comedy
943,Drama
944,Drama
945,Crime
945,Drama
945,Film-Noir
946,Horror
946,Sci-Fi
946,Thriller
947,Horror
947,Sci-Fi
947,Thriller
948,Horror
948,Sci-Fi
949,Sci-Fi
949,Thriller
950,Drama
951,Drama
951,Sci-Fi
952,Action
953,Sci-Fi
954,Adventure
954,Sci-Fi
954,Thriller
955,Crime
955,Film-Noir
955,Mystery
955,Thriller
956,Drama
957,Thriller
958,Drama
958,Fantasy
958,Romance
958,Thriller
959,Drama
960,Film-Noir
960,Mystery
961,Sci-Fi
962,Sci-Fi
963,Sci-Fi
964,Horror
964,Sci-Fi
965,Sci-Fi
966,Horror
966,Sci-Fi
967,Sci-Fi
968,Mystery
968,Sci-Fi
969,Adventure
969,Fantasy
969,Sci-Fi
970,Action
970,Crime
970,Sci-Fi
971,Comedy
971,Mystery
972,Adventure
972,Drama
973,Drama
973,Sci-Fi
974,Horror
974,Sci-Fi
975,Action
975,Romance
975,Sci-Fi
976,Drama
977,Crime
977,Drama
977,Film-Noir
978,Drama
979,Action
979,Crime
979,Drama
980,Action
980,Horror
980,Sci-Fi
981,Drama
982,Crime
982,Drama
982,Romance
982,Thriller
983,Comedy
984,Sci-Fi
984,Thriller
985,Crime
985,Film-Noir
985,Mystery
986,Drama
986,Romance
987,Drama
988,Comedy
988,Drama
988,Sci-Fi
989,Sci-Fi
989,Thriller
989,War
990,Action
990,Horror
990,Sci-Fi
990,Thriller
991,Horror
991,Sci-Fi
991,Thriller
992,Drama
993,Action
993,Sci-Fi
994,Sci-Fi
995,Film-Noir
995,Thriller
996,Sci-Fi
996,Thriller
997,Horror
997,Sci-Fi
998,Sci-Fi
999,Action
999,Sci-Fi
1000,Action
1000,Adventure
1000,Animation
1000,Horror
1000,Sci-Fi
1001,Comedy
1001,Sci-Fi
1002,Sci-Fi
1003,Action
1003,Sci-Fi
1003,Thriller
1003,Western
1004,Horror
1004,Sci-Fi
1005,Horror
1005,Sci-Fi
1006,Comedy
1006,Horror
1006,Sci-Fi
1007,Action
1007,Sci-Fi
1008,Sci-Fi
1009,Crime
1009,Film-Noir
1009,Thriller
1010,Action
1010,Horror
1010,Sci-Fi
1011,Comedy
1011,Crime
1011,Thriller
1012,Comedy
1012,Drama
1012,Romance
1013,Action
1013,Sci-Fi
1014,Film-Noir
1014,Sci-Fi
1014,Thriller
1015,Adventure
1015,Sci-Fi
1016,Adventure
1016,Animation
1016,Children's
1016,Sci-Fi
1017,Drama
1017,Sci-Fi
1018,Action
1018,Crime
1018,Sci-Fi
1019,Action
1020,Animation
1020,Children's
1021,Children's
1021,Comedy
1022,Action
1023,Drama
1024,Drama
1024,Romance
1025,Adventure
1025,Children's
1026,Action
1026,Adventure
1026,Fantasy
1027,Animation
1027,Children's
1028,Action
1028,Children's
1028,Fantasy
1029,Action
1029,Sci-Fi
1030,Comedy
1031,Drama
1032,Drama
1032,Romance
1033,Comedy
1033,Drama
1034,Animation
1034,Children's
1034,Comedy
1035,Animation
1035,Children's
1035,Comedy
1036,Action
1036,Adventure
1036,Drama
1036,Romance
1037,Adventure
1037,Fantasy
1037,Romance
1038,Comedy
1038,Drama
1038,Romance
1039,Film-Noir
1039,Thriller
1040,Action
1040,Adventure
1040,Fantasy
1041,Action
1041,Adventure
1042,Comedy
1042,Drama
1043,Animation
1043,Children's
1044,Action
1044,Adventure
1045,Children's
1045,Musical
1046,Animation
1046,Children's
1047,Animation
1047,Children's
1048,Action
1048,Sci-Fi
1049,Drama
1050,Children's
1050,Comedy
1051,Children's
1051,Comedy
1052,Children's
1052,Comedy
1053,Action
1053,Comedy
1053,Musical
1053,Sci-Fi
1054,Children's
1054,Comedy
1055,Action
1055,Thriller
1056,Children's
1056,Comedy
1057,Action
1057,Sci-Fi
1058,Action
1058,Drama
1058,Sci-Fi
1058,Thriller
1059,Drama
1060,Children's
1060,Drama
1061,Comedy
1061,Drama
1061,Romance
1062,Children's
1062,Drama
1063,Action
1063,Sci-Fi
1064,Drama
1065,Drama
1066,Action
1066,Comedy
1066,Fantasy
1067,Action
1067,Adventure
1067,Romance
1067,Thriller
1068,Action
1069,Action
1070,Drama
1070,War
1071,Action
1072,Action
1072,War
1073,Action
1073,War
1074,Action
1074,Adventure
1075,Action
1075,Comedy
1075,Sci-Fi
1075,War
1076,Animation
1076,Children's
1077,Thriller
1078,Action
1078,Adventure
1079,Drama
1080,Action
1080,Adventure
1081,Action
1081,Adventure
1081,Drama
1082,Action
1082,Adventure
1082,Drama
1083,Comedy
1083,Fantasy
1084,Action
1084,Adventure
1084,Crime
1085,Action
1085,Adventure
1085,Thriller
1086,Animation
1086,Children's
1086,Comedy
1087,Comedy
1087,Crime
1087,Horror
1088,Action
1088,Comedy
1088,War
1089,Action
1089,Adventure
1090,Children's
1090,Comedy
1091,Children's
1091,Comedy
1092,Action
1092,Drama
1093,Animation
1093,Children's
1094,Action
1094,Adventure
1094,Children's
1094,Sci-Fi
1095,Adventure
1095,Children's
1095,Sci-Fi
1096,Drama
1097,Adventure
1097,Drama
1098,Drama
1098,Romance
1099,Drama
1099,Romance
1100,Action
1100,Drama
1101,Action
1101,Adventure
1101,Sci-Fi
1102,Action
1102,Comedy
1103,Action
1103,Adventure
1103,Sci-Fi
1103,Thriller
1104,Action
1104,Children's
1105,Comedy
1106,Drama
1106,Romance
1106,War
1107,Action
1107,Crime
1107,Drama
1108,Children's
1108,Comedy
1109,Action
1109,Drama
1109,War
1110,Horror
1111,Horror
1112,Action
1113,Action
1114,Horror
1115,Horror
1116,Horror
1116,Romance
1117,Horror
1118,Horror
1118,Thriller
1119,Horror
1119,Sci-Fi
1120,Comedy
1120,Documentary
1121,Horror
1122,Horror
1123,Horror
1124,Comedy
1125,Action
1125,Comedy
1125,Musical
1126,Horror
1127,Horror
1128,Horror
1129,Horror
1130,Horror
1131,Horror
1131,Thriller
1132,Comedy
1132,Horror
1133,Action
1133,Adventure
1133,Sci-Fi
1134,Horror
1135,Comedy
1136,Comedy
1137,Action
1137,Comedy
1138,Action
1138,Comedy
1139,Horror
1139,Mystery
1139,Thriller
1140,Comedy
1141,Horror
1142,Horror
1143,Horror
1144,Horror
1145,Action
1145,Thriller
1146,Comedy
1147,Horror
1148,Comedy
1149,Horror
1149,Thriller
1150,Comedy
1150,Romance
1151,Action
1151,Adventure
1151,Horror
1152,Comedy
1153,Comedy
1153,Horror
1154,Action
1155,Horror
1155,Thriller
1156,Action
1157,Comedy
1158,Horror
1158,Thriller
1159,Comedy
1159,Drama
1160,Horror
1161,Adventure
1161,Children's
1162,Horror
1162,Mystery
1162,Thriller
1163,Drama
1164,Comedy
1164,Romance
1165,Comedy
1166,Action
1166,Adventure
1166,Animation
1167,Animation
1167,Children's
1168,Drama
1168,War
1169,Action
1169,Comedy
1170,Comedy
1171,Thriller
1172,Action
1172,Mystery
1172,Thriller
1173,Action
1174,Comedy
1174,Mystery
1175,Horror
1175,Thriller
1176,Comedy
1177,Animation
1177,Comedy
1178,Horror
1179,Horror
1180,Comedy
1181,Comedy
1182,Drama
1182,Thriller
1183,Comedy
1184,Action
1184,Adventure
1184,Sci-Fi
1185,Comedy
1186,Comedy
1187,Crime
1187,Thriller
1188,Crime
1188,Drama
1189,Comedy
1189,Sci-Fi
1190,Sci-Fi
1190,Thriller
1191,Comedy
1191,Horror
1192,Action
1192,Thriller
1193,Comedy
1194,Comedy
1194,Romance
1195,Comedy
1195,Crime
1196,Comedy
1197,Comedy
1197,Drama
1198,Action
1198,Adventure
1198,Sci-Fi
1198,Thriller
1199,Comedy
1200,Comedy
1201,Animation
1202,Action
1202,Thriller
1203,Comedy
1204,Thriller
1205,Adventure
1205,Comedy
1206,Crime
1207,Action
1207,Adventure
1207,Thriller
1208,Comedy
1208,Horror
1209,Action
1209,Sci-Fi
1209,Thriller
1210,Comedy
1211,Comedy
1211,Mystery
1212,Comedy
1213,Action
1213,Thriller
1214,Horror
1214,Sci-Fi
1214,Thriller
1215,Horror
1215,Sci-Fi
1215,Thriller
1216,Comedy
1217,Horror
1218,Comedy
1219,Comedy
1220,Action
1220,Animation
1220,Children's
1220,Sci-Fi
1220,Thriller
1220,War
1221,Comedy
1222,Comedy
1222,Drama
1223,Comedy
1223,War
1224,Crime
1224,Drama
1224,Romance
1225,Comedy
1226,Action
1226,Adventure
1226,Crime
1227,Thriller
1228,Action
1228,Drama
1228,War
1229,Horror
1230,Comedy
1230,Western
1231,Crime
1231,Film-Noir
1231,Thriller
1232,Thriller
1233,Drama
1233,Thriller
1234,Thriller
1235,Documentary
1236,Comedy
1237,Crime
1237,Film-Noir
1238,Crime
1238,Thriller
1239,Drama
1239,Thriller
1239,War
1240,Film-Noir
1240,Thriller
1241,Sci-Fi
1242,Action
1242,Adventure
1242,Sci-Fi
1243,Comedy
1243,Thriller
1244,Drama
1244,Thriller
1245,Comedy
1245,Horror
1246,Comedy
1246,Horror
1247,Comedy
1247,Crime
1247,Drama
1248,Adventure
1248,Sci-Fi
1249,Crime
1249,Film-Noir
1250,Action
1250,Sci-Fi
1251,Action
1251,Adventure
1251,Comedy
1251,Crime
1252,Comedy
1253,Mystery
1253,Thriller
1254,Comedy
1255,Sci-Fi
1255,Thriller
1256,Comedy
1256,Drama
1256,Romance
1257,Comedy
1258,Mystery
1258,Romance
1258,Thriller
1259,Horror
1259,Sci-Fi
1260,Comedy
1260,Mystery
1260,Romance
1260,Thriller
1261,Thriller
1262,Thriller
1263,Comedy
1263,Drama
1264,Comedy
1264,Drama
1265,Action
1265,Adventure
1265,Sci-Fi
1265,Thriller
1265,War
1266,Comedy
1266,Romance
1267,Action
1267,Horror
1268,Thriller
1269,Horror
1269,Thriller
1270,Comedy
1270,Sci-Fi
1271,Action
1271,Drama
1272,Crime
1272,Thriller
1273,Crime
1273,Drama
1274,Action
1274,Drama
1275,Action
1275,Drama
1276,Comedy
1276,Drama
1277,Drama
1277,Thriller
1278,Comedy
1279,Crime
1279,Thriller
1280,Action
1280,Comedy
1281,Crime
1281,Drama
1282,Crime
1283,Mystery
1283,Thriller
1284,Action
1284,Thriller
1285,Action
1285,Crime
1285,Thriller
1286,Crime
1286,Drama
1286,Thriller
1287,Documentary
1288,Documentary
1289,Comedy
1290,Adventure
1290,Crime
1290,Sci-Fi
1290,Thriller
1291,Drama
1291,Sci-Fi
1292,Comedy
1293,Drama
1293,Fantasy
1294,Crime
1295,Horror
1295,Thriller
1296,Horror
1297,Comedy
1297,Drama
1298,Comedy
1299,Drama
1300,Action
1300,Adventure
1300,Western
1301,Comedy
1302,Drama
1303,Comedy
1304,Comedy
1304,Drama
1305,Drama
1306,Drama
1307,Drama
1307,Romance
1308,Comedy
1309,Comedy
1309,Drama
1310,Comedy
1310,Drama
1311,Comedy
1311,Musical
1311,Romance
1312,Comedy
1312,Romance
1313,Comedy
1314,Children's
1314,Comedy
1315,Comedy
1315,War
1316,Animation
1316,Children's
1316,Fantasy
1316,War
1317,Action
1317,Adventure
1317,Comedy
1317,War
1318,Drama
1318,Horror
1319,Comedy
1319,Romance
1320,Drama
1321,Comedy
1322,Drama
1322,Romance
1323,Animation
1323,Children's
1324,Comedy
1324,Romance
1325,Drama
1325,Thriller
1326,Children's
1326,Comedy
1326,Sci-Fi
1327,Children's
1327,Drama
1328,Drama
1328,Horror
1329,Drama
1330,Comedy
1330,Drama
1331,Drama
1332,Action
1332,Drama
1332,Thriller
1333,Comedy
1333,Romance
1334,Comedy
1335,Comedy
1335,Romance
1336,Action
1336,War
1337,Comedy
1338,Comedy
1338,Romance
1339,Comedy
1339,Romance
1340,Drama
1340,Romance
1341,Adventure
1341,Animation
1341,Children's
1341,Comedy
1341,Fantasy
1342,Action
1343,Drama
1343,Romance
1344,Comedy
1345,Comedy
1345,Romance
1346,Comedy
1346,Romance
1347,Drama
1347,Musical
1347,War
1348,Comedy
1348,Drama
1349,Drama
1349,Thriller
1350,Action
1351,Comedy
1352,Drama
1353,Comedy
1354,Comedy
1354,Drama
1354,Romance
1355,Comedy
1356,Drama
1357,Comedy
1358,Western
1359,Comedy
1359,Drama
1359,Romance
1360,Comedy
1360,Romance
1361,Comedy
1362,Thriller
1363,Comedy
1363,Musical
1363,Romance
1364,Comedy
1364,Romance
1365,Comedy
1365,Romance
1366,Drama
1366,Romance
1367,Children's
1367,Comedy
1368,Drama
1368,Mystery
1368,Thriller
1369,Drama
1370,Comedy
1371,Action
1372,Romance
1373,Thriller
1374,Comedy
1375,Comedy
1376,Comedy
1376,Drama
1376,Romance
1377,Comedy
1377,Romance
1378,Comedy
1379,Comedy
1379,Romance
1380,Drama
1381,Action
1381,Romance
1382,Comedy
1382,Western
1383,Comedy
1384,Drama
1384,Romance
1385,Action
1385,Drama
1386,Comedy
1386,Romance
1387,Thriller
1388,Comedy
1389,Action
1389,Drama
1389,Romance
1389,Thriller
1390,Action
1390,Drama
1391,Comedy
1392,Comedy
1393,Drama
1394,Drama
1395,Comedy
1395,Romance
1396,Action
1396,Romance
1396,Thriller
1397,Comedy
1398,Comedy
1398,Drama
1399,Comedy
1400,Drama
1401,Adventure
1401,Children's
1401,Drama
1402,Comedy
1403,Comedy
1403,Drama
1404,Comedy
1404,Romance
1405,Drama
1406,Drama
1406,Romance
1407,Drama
1407,Mystery
1407,Romance
1408,Drama
1408,Romance
1409,Adventure
1409,Children's
1410,Crime
1410,Drama
1410,Thriller
1411,Children's
1411,Comedy
1412,Comedy
1413,Comedy
1414,Drama
1414,Romance
1415,Comedy
1416,Comedy
1416,Drama
1417,Adventure
1417,Drama
1417,Romance
1418,Drama
1418,Romance
1419,Thriller
1420,Comedy
1421,Thriller
1422,Comedy
1423,Comedy
1423,Romance
1424,Comedy
1424,Drama
1425,Horror
1426,Children's
1426,Comedy
1427,Comedy
1427,Romance
1428,Comedy
1429,Comedy
1429,Romance
1430,Drama
1431,Comedy
1432,Comedy
1432,Western
1433,Comedy
1434,Drama
1435,Comedy
1435,Romance
1436,Comedy
1436,Romance
1437,Comedy
1438,Drama
1439,Action
1440,Comedy
1441,Comedy
1441,Romance
1442,Drama
1442,Romance
1443,Comedy
1444,Comedy
1445,Crime
1445,Film-Noir
1446,Film-Noir
1447,Drama
1448,Comedy
1449,Film-Noir
1450,Film-Noir
1450,Thriller
1451,Film-Noir
1451,Romance
1451,Thriller
1452,Comedy
1453,Drama
1453,Mystery
1454,Comedy
1455,Drama
1456,Drama
1456,Film-Noir
1457,Drama
1458,Horror
1458,Thriller
1459,Comedy
1460,Comedy
1460,Musical
1461,Mystery
1461,Thriller
1462,Comedy
1462,Drama
1463,Drama
1464,Drama
1465,Romance
1465,Thriller
1466,Drama
1466,War
1467,Drama
1467,War
1468,Action
1468,Adventure
1468,War
1469,Drama
1469,Thriller
1470,Action
1470,Crime
1471,Thriller
1472,Action
1472,Drama
1472,War
1473,Action
1473,Thriller
1474,Action
1474,Sci-Fi
1475,Action
1475,War
1476,Action
1476,Comedy
1476,War
1477,Action
1478,Adventure
1478,Drama
1479,Action
1479,Drama
1480,Action
1481,Action
1482,Action
1482,Thriller
1483,Drama
1484,Comedy
1485,Drama
1486,Drama
1487,Drama
1487,Romance
1488,Drama
1489,Documentary
1490,Drama
1491,Comedy
1491,Mystery
1491,Romance
1491,Thriller
1492,Comedy
1492,Drama
1492,Romance
1493,Comedy
1494,Comedy
1495,Comedy
1496,Comedy
1497,Comedy
1498,Comedy
1499,Comedy
1500,Comedy
1500,Horror
1501,Comedy
1502,Comedy
1502,Drama
1503,Comedy
1503,Romance
1503,Thriller
1504,Comedy
1504,Drama
1505,Horror
1506,Comedy
1506,Drama
1506,War
1507,Western
1508,Comedy
1508,Horror
1509,Comedy
1510,Drama
1511,Comedy
1511,Romance
1512,Comedy
1513,Comedy
1514,Drama
1515,Comedy
1516,Comedy
1516,Romance
1517,Comedy
1518,Comedy
1519,Comedy
1520,Animation
1520,Comedy
1521,Comedy
1522,Romance
1523,Animation
1523,Children's
1523,Musical
1524,Comedy
1525,Comedy
1526,Drama
1526,Romance
1527,Horror
1528,Drama
1528,Romance
1528,War
1529,Comedy
1529,Drama
1530,Horror
1531,Musical
1532,Drama
1533,Drama
1534,Mystery
1534,Thriller
1535,Horror
1536,Horror
1537,Crime
1537,Drama
1538,Drama
1539,Drama
1539,War
1540,Horror
1541,Horror
1542,Drama
1542,Musical
1543,Drama
1544,Comedy
1544,Musical
1544,Romance
1545,Drama
1545,War
1546,Drama
1546,Thriller
1547,Action
1547,War
1548,Drama
1549,Drama
1549,Romance
1550,Drama
1551,Drama
1552,Thriller
1553,Adventure
1553,Children's
1554,Film-Noir
1555,Thriller
1556,Comedy
1557,Drama
1558,Thriller
1559,Thriller
1560,Mystery
1561,Mystery
1561,Romance
1561,Thriller
1562,Action
1562,Adventure
1562,Drama
1562,Thriller
1563,Western
1564,Drama
1565,Comedy
1565,Horror
1566,Comedy
1566,Drama
1567,Horror
1568,Drama
1569,Drama
1570,Comedy
1570,Horror
1571,Comedy
1571,Musical
1572,Thriller
1573,Drama
1574,Drama
1575,Musical
1575,Romance
1575,War
1576,Horror
1577,Crime
1577,Drama
1578,Western
1579,Comedy
1580,Comedy
1580,Horror
1581,Crime
1581,Film-Noir
1581,Thriller
1582,Mystery
1582,Thriller
1583,Mystery
1584,Drama
1585,Drama
1586,Drama
1587,Horror
1587,Sci-Fi
1588,Drama
1589,Horror
1590,Drama
1591,Thriller
1592,Romance
1593,Comedy
1594,Children's
1594,Comedy
1595,Comedy
1595,Drama
1595,Romance
1596,Comedy
1597,Comedy
1598,Comedy
1599,Drama
1600,Comedy
1601,Comedy
1602,Comedy
1603,Comedy
1604,Adventure
1604,Comedy
1605,Drama
1606,Romance
1607,Comedy
1607,Musical
1608,Western
1609,Drama
1609,War
1610,Drama
1610,Western
1611,Romance
1612,Action
1612,Drama
1612,Mystery
1612,Romance
1612,Thriller
1613,Drama
1613,Romance
1614,Drama
1615,Drama
1616,Drama
1617,Adventure
1617,Comedy
1617,Musical
1618,Drama
1619,Drama
1619,Western
1620,Comedy
1620,Drama
1621,Comedy
1621,Drama
1622,Comedy
1623,Musical
1624,Drama
1625,Comedy
1625,Drama
1625,Romance
1626,Drama
1627,Comedy
1628,Drama
1628,Mystery
1629,Comedy
1629,Drama
1630,Comedy
1630,Romance
1631,Comedy
1631,Musical
1632,Comedy
1633,Drama
1633,Romance
1634,Drama
1635,Comedy
1635,Musical
1635,Romance
1636,Animation
1636,Musical
1637,Drama
1638,Drama
1638,War
1639,Thriller
1640,Comedy
1640,Romance
1641,Comedy
1641,War
1642,Comedy
1642,Romance
1643,Comedy
1644,Comedy
1644,Musical
1645,Drama
1645,Romance
1646,Drama
1646,Mystery
1646,Romance
1647,Comedy
1648,Drama
1649,Drama
1650,Comedy
1651,Comedy
1651,Drama
1651,Romance
1652,Drama
1652,Mystery
1653,Comedy
1653,Documentary
1654,Drama
1655,Action
1655,Sci-Fi
1655,Thriller
1656,Comedy
1657,Comedy
1658,Action
1658,War
1659,Comedy
1660,Drama
1661,Drama
1662,Film-Noir
1662,Mystery
1662,Thriller
1663,Comedy
1664,Sci-Fi
1664,Thriller
1665,Action
1665,Thriller
1666,Comedy
1666,Drama
1667,Comedy
1667,Romance
1668,Action
1668,Drama
1669,Documentary
1669,Musical
1670,Action
1670,Thriller
1670,War
1671,Comedy
1672,Action
1672,Drama
1672,Thriller
1673,Documentary
1674,Action
1674,Sci-Fi
1674,Thriller
1675,Drama
1675,War
1676,Drama
1676,War
1677,Action
1677,Crime
1677,Drama
1677,Thriller
1678,Action
1678,Adventure
1678,Sci-Fi
1679,Horror
1680,Comedy
1680,Romance
1681,Comedy
1681,Romance
1682,Documentary
1683,Animation
1683,Children's
1684,Drama
1684,Romance
1685,Adventure
1685,Comedy
1685,Romance
1686,Drama
1686,Romance
1687,Crime
1687,Drama
1687,Thriller
1688,Drama
1688,Thriller
1689,Thriller
1690,Comedy
1691,Children's
1691,Comedy
1692,Comedy
1692,Crime
1693,Action
1693,War
1694,War
1695,Adventure
1695,Children's
1695,Comedy
1695,Fantasy
1695,Romance
1696,Action
1696,War
1697,Action
1697,Adventure
1698,Action
1698,Drama
1698,War
1699,Action
1699,Drama
1699,War
1700,Adventure
1700,Children's
1700,Drama
1701,Adventure
1701,War
1702,Romance
1702,War
1703,Action
1703,Drama
1704,Action
1704,Adventure
1704,War
1705,Adventure
1706,Adventure
1707,Romance
1707,Thriller
1708,Drama
1709,Sci-Fi
1709,Thriller
1710,Horror
1710,Sci-Fi
1711,Action
1711,Thriller
1712,Action
1712,Thriller
1713,Comedy
1713,Romance
1713,Sci-Fi
1714,Comedy
1714,Sci-Fi
1715,Action
1715,Sci-Fi
1716,Action
1716,Sci-Fi
1717,Sci-Fi
1717,Thriller
1718,Action
1718,Adventure
1719,Sci-Fi
1719,Thriller
1720,Drama
1720,Sci-Fi
1720,Thriller
1721,Drama
1722,Horror
1722,Sci-Fi
1723,Action
1723,Mystery
1723,Sci-Fi
1723,Thriller
1724,Sci-Fi
1725,Sci-Fi
1726,Action
1726,Crime
1726,Sci-Fi
1727,Drama
1728,Children's
1728,Horror
1729,Adventure
1729,Musical
1729,Romance
1730,Drama
1731,Children's
1732,Horror
1733,Horror
1734,Horror
1735,Horror
1736,Horror
1736,Thriller
1737,Adventure
1737,Children's
1737,Comedy
1737,Musical
1738,Drama
1738,Mystery
1739,Horror
1740,Horror
1741,Horror
1742,Action
1742,Adventure
1743,Horror
1743,Thriller
1744,Comedy
1744,Crime
1744,Thriller
1745,Comedy
1745,Romance
1746,Comedy
1746,Romance
1747,Drama
1747,Romance
1748,Comedy
1748,Drama
1749,Drama
1749,Romance
1750,Comedy
1750,Romance
1751,Comedy
1752,Comedy
1753,Comedy
1753,Western
1754,Comedy
1754,Romance
1755,Comedy
1755,Drama
1756,Comedy
1757,Comedy
1758,Comedy
1758,Romance
1759,Comedy
1759,Drama
1760,Comedy
1760,Drama
1761,Musical
1761,Romance
1762,Drama
1762,Romance
1763,Romance
1763,Thriller
1764,Comedy
1764,Drama
1765,Drama
1765,Romance
1766,Comedy
1766,Drama
1767,Children's
1767,Comedy
1767,Drama
1768,Comedy
1768,Drama
1769,Children's
1769,Comedy
1769,Mystery
1770,Comedy
1770,Romance
1771,Drama
1771,Romance
1772,Children's
1772,Comedy
1773,Drama
1773,Romance
1774,Comedy
1774,Romance
1775,Comedy
1775,Romance
1776,Comedy
1776,Romance
1777,Romance
1777,War
1778,Comedy
1778,Romance
1779,Comedy
1779,Drama
1780,Drama
1780,Romance
1781,Comedy
1781,Drama
1782,Comedy
1783,Comedy
1783,Drama
1784,Comedy
1784,Romance
1785,Comedy
1785,Drama
1785,Romance
1786,Comedy
1787,Comedy
1787,Romance
1788,Romance
1789,Comedy
1790,Drama
1790,Romance
1791,Drama
1791,Romance
1792,Comedy
1792,Romance
1793,Comedy
1793,Romance
1794,Comedy
1794,Romance
1795,Comedy
1795,Musical
1796,Comedy
1797,Action
1797,Comedy
1797,Romance
1797,Thriller
1798,Romance
1799,Adventure
1799,Children's
1799,Comedy
1800,Comedy
1801,Comedy
1801,Mystery
1802,Comedy
1802,Romance
1803,Comedy
1803,Drama
1804,Comedy
1805,Horror
1806,Horror
1807,Comedy
1807,Drama
1808,Horror
1809,Action
1810,Horror
1811,Horror
1812,Horror
1813,Horror
1814,Horror
1815,Horror
1816,Horror
1817,Horror
1818,Horror
1819,Horror
1820,Documentary
1821,Drama
1821,Thriller
1822,Children's
1822,Comedy
1823,Adventure
1823,Children's
1823,Comedy
1824,Western
1825,Children's
1825,Comedy
1826,Adventure
1826,Children's
1826,Comedy
1827,Comedy
1827,Musical
1828,Drama
1829,Action
1829,Adventure
1829,Thriller
1830,Comedy
1831,Mystery
1831,Thriller
1832,Western
1833,Comedy
1834,Children's
1834,Comedy
1835,Action
1835,Drama
1836,Action
1836,Sci-Fi
1837,Action
1837,Sci-Fi
1838,Drama
1838,War
1839,Action
1839,Drama
1839,Western
1840,Action
1840,Thriller
1841,Action
1841,Horror
1841,Sci-Fi
1842,Animation
1842,Children's
1842,Comedy
1842,Romance
1843,Action
1843,Crime
1843,Thriller
1844,Adventure
1845,Documentary
1846,Animation
1846,Children's
1847,Drama
1847,Romance
1847,War
1848,Comedy
1848,Drama
1849,Drama
1849,War
1850,Action
1850,Adventure
1850,Romance
1851,Comedy
1852,Children's
1852,Comedy
1853,Adventure
1853,Children's
1853,Comedy
1854,Animation
1854,Children's
1855,Sci-Fi
1855,Thriller
1856,Comedy
1857,Drama
1857,Musical
1858,Comedy
1859,Action
1859,Thriller
1860,Drama
1860,Thriller
1861,Action
1861,Comedy
1862,Animation
1862,Musical
1863,Comedy
1863,Mystery
1863,Romance
1864,Comedy
1865,Comedy
1865,Drama
1865,War
1866,Children's
1866,Comedy
1867,Children's
1867,Comedy
1868,Action
1868,Thriller
1869,Comedy
1870,Action
1871,Drama
1871,Romance
1872,Children's
1872,Comedy
1872,Western
1873,Action
1874,Comedy
1875,Adventure
1875,Sci-Fi
1876,Drama
1877,Drama
1878,Action
1878,Thriller
1879,Comedy
1880,Drama
1881,Adventure
1882,Comedy
1882,Romance
1883,Thriller
1884,Comedy
1885,Horror
1886,Comedy
1887,Comedy
1888,Drama
1888,Thriller
1889,Action
1890,Comedy
1890,Romance
1891,Drama
1892,Drama
1893,Comedy
1893,Sci-Fi
1894,Drama
1894,Horror
1895,Comedy
1895,War
1896,Drama
1897,Drama
1898,Comedy
1898,Horror
1899,Horror
1900,Drama
1901,Crime
1901,Thriller
1902,Drama
1903,Sci-Fi
1903,Thriller
1904,Adventure
1904,Children's
1904,Fantasy
1905,Drama
1906,Drama
1906,Romance
1907,Drama
1908,Drama
1909,Horror
1909,Thriller
1910,Drama
1911,Horror
1912,Drama
1913,Comedy
1913,Drama
1914,Drama
1915,Drama
1916,Drama
1917,Comedy
1917,Thriller
1918,Horror
1919,Action
1919,Crime
1919,Mystery
1920,Drama
1920,Thriller
1921,Mystery
1922,Comedy
1922,Drama
1922,Romance
1923,Drama
1924,Drama
1925,Horror
1926,Drama
1926,Thriller
1927,Drama
1928,Comedy
1928,Drama
1928,Thriller
1929,Comedy
1929,Sci-Fi
1930,Drama
1931,Comedy
1931,Horror
1932,Adventure
1932,Children's
1932,Fantasy
1933,Drama
1933,War
1934,Comedy
1934,Drama
1935,Adventure
1935,Drama
1936,Crime
1936,Thriller
1937,Drama
1938,Drama
1939,Action
1939,Thriller
1940,Drama
1940,Mystery
1941,Adventure
1941,Children's
1941,Comedy
1941,Fantasy
1942,Drama
1943,Drama
1944,Drama
1944,Musical
1945,Horror
1946,Drama
1946,Musical
1947,Sci-Fi
1947,Thriller
1948,Comedy
1948,Thriller
1949,Comedy
1949,Fantasy
1950,Comedy
1950,Drama
1951,Drama
1952,Drama
1953,Crime
1953,Drama
1953,Thriller
1954,Horror
1955,Drama
1956,Thriller
1957,Drama
1958,Thriller
1959,Drama
1960,Comedy
1960,Drama
1961,Horror
1962,Comedy
1962,Drama
1963,Drama
1963,Mystery
1964,Thriller
1965,Drama
1966,Comedy
1966,Thriller
1967,Crime
1967,Drama
1967,Thriller
1968,Mystery
1968,Romance
1968,Thriller
1969,Drama
1970,Drama
1971,Drama
1972,Drama
1972,Thriller
1973,Crime
1973,Drama
1974,Drama
1975,Adventure
1975,Sci-Fi
1975,Thriller
1976,Horror
1977,Horror
1978,Sci-Fi
1978,Thriller
1979,Drama
1980,Drama
1981,Drama
1982,Comedy
1982,Horror
1983,Action
1983,Drama
1984,Drama
1984,Horror
1985,Drama
1986,Drama
1987,Comedy
1987,Drama
1987,Romance
1988,Action
1988,Crime
1988,Thriller
1989,Action
1989,Horror
1989,Sci-Fi
1990,Drama
1991,Action
1991,Crime
1991,Thriller
1992,Thriller
1993,Horror
1994,Horror
1995,Drama
1996,Children's
1996,Comedy
1996,Sci-Fi
1997,Thriller
1998,Crime
1998,Drama
1999,Drama
2000,Drama
2001,Comedy
2001,War
2002,Drama
2003,Comedy
2004,Adventure
2004,Children's
2005,Comedy
2006,Comedy
2006,Drama
2007,Thriller
2008,Drama
2009,Children's
2010,Comedy
2010,Horror
2011,Drama
2012,Adventure
2012,Children's
2013,Horror
2013,Sci-Fi
2014,Mystery
2014,Thriller
2015,Mystery
2015,Thriller
2016,Action
2016,Sci-Fi
2017,Action
2017,Sci-Fi
2018,Crime
2018,Drama
2019,Adventure
2019,Sci-Fi
2020,Horror
2020,Sci-Fi
2021,Drama
2022,Horror
2022,Sci-Fi
2022,Thriller
2023,Horror
2023,Sci-Fi
2023,Thriller
2024,Adventure
2024,Children's
2025,Comedy
2026,Horror
2026,Sci-Fi
2027,Comedy
2028,Drama
2029,Documentary
2030,Drama
2031,Drama
2031,War
2032,Drama
2033,Drama
2034,Drama
2035,Drama
2036,Drama
2037,Romance
2038,Drama
2039,Drama
2040,Drama
2041,Musical
2041,War
2042,War
2043,Musical
2044,Drama
2045,Drama
2045,War
2046,Drama
2046,War
2047,Drama
2047,War
2048,Drama
2049,Comedy
2049,Musical
2049,Romance
2050,Drama
2051,Drama
2051,Musical
2052,Comedy
2052,Horror
2053,Drama
2053,Mystery
2054,Comedy
2055,Mystery
2056,Comedy
2057,Thriller
2058,Action
2058,Thriller
2059,Adventure
2059,Sci-Fi
2060,Comedy
2061,Children's
2061,Comedy
2062,Comedy
2062,Romance
2063,Horror
2064,Comedy
2065,Drama
2066,Crime
2066,Drama
2066,Romance
2067,Drama
2068,Drama
2069,Drama
2070,Comedy
2071,Thriller
2072,Thriller
2073,Children's
2073,Drama
2074,Drama
2074,Romance
2075,Drama
2076,Action
2077,Drama
2078,Drama
2079,Comedy
2079,Thriller
2080,Drama
2081,War
2082,Thriller
2083,Thriller
2084,Drama
2085,Romance
2086,Comedy
2086,Romance
2087,Drama
2087,Romance
2088,Drama
2089,Comedy
2089,Drama
2090,Crime
2090,Drama
2091,Comedy
2091,Drama
2092,Drama
2092,Romance
2093,Drama
2094,Action
2094,Comedy
2095,Drama
2096,Comedy
2097,Thriller
2098,Action
2098,Drama
2099,Drama
2099,Thriller
2100,Drama
2100,Thriller
2101,Crime
2101,Thriller
2102,Drama
2103,Musical
2104,Comedy
2105,Drama
2106,Drama
2107,Drama
2107,Romance
2108,Comedy
2109,Thriller
2110,Drama
2111,Drama
2112,Drama
2113,Drama
2114,Comedy
2115,Drama
2115,War
2116,Action
2116,Crime
2117,Documentary
2117,Drama
2118,Drama
2119,Drama
2119,Thriller
2120,Drama
2120,Mystery
2120,Romance
2121,Film-Noir
2122,Western
2123,Drama
2124,Drama
2124,Thriller
2125,Drama
2126,Drama
2127,Action
2127,Comedy
2128,Drama
2129,Drama
2129,Romance
2130,Drama
2131,Comedy
2132,Drama
2132,Thriller
2133,Documentary
2134,Drama
2135,Thriller
2136,Children's
2136,Comedy
2137,Comedy
2137,Drama
2138,Comedy
2138,Drama
2139,Drama
2139,Sci-Fi
2139,Thriller
2140,Drama
2141,Drama
2141,Musical
2142,Comedy
2143,Action
2144,Thriller
2145,Children's
2145,Comedy
2146,Comedy
2147,Drama
2148,Drama
2148,War
2149,Drama
2150,Drama
2151,Drama
2152,Musical
2153,Comedy
2154,Drama
2155,Drama
2156,Comedy
2156,Drama
2157,Drama
2158,Horror
2159,Drama
2160,Drama
2161,Drama
2162,Comedy
2162,Drama
2163,Adventure
2163,Children's
2164,Action
2164,Sci-Fi
2164,Thriller
2165,Action
2165,Comedy
2166,Action
2167,Horror
2167,Sci-Fi
2168,Action
2168,Adventure
2168,Thriller
2169,Action
2170,Action
2171,Thriller
2172,Action
2172,Comedy
2173,Action
2173,Thriller
2174,Action
2174,Adventure
2174,Comedy
2175,Action
2175,Adventure
2175,Crime
2175,Thriller
2176,Action
2176,War
2177,Action
2177,War
2178,Action
2178,Adventure
2179,Crime
2180,Drama
2181,Adventure
2181,Children's
2182,Children's
2182,Comedy
2183,Animation
2183,Children's
2183,Musical
2184,Animation
2184,Children's
2185,Children's
2185,Comedy
2185,Mystery
2186,Adventure
2186,Children's
2186,Drama
2187,Animation
2187,Children's
2187,Comedy
2188,Animation
2188,Children's
2188,Musical
2189,Children's
2189,Drama
2189,Fantasy
2190,Action
2190,Adventure
2190,Children's
2191,Adventure
2191,Children's
2192,Animation
2192,Children's
2193,Children's
2193,Comedy
2194,Animation
2194,Children's
2195,Adventure
2195,Children's
2196,Adventure
2196,Children's
2197,Adventure
2197,Children's
2197,Drama
2198,Action
2198,Children's
2199,Action
2199,Children's
2200,Adventure
2200,Children's
2200,Romance
2201,Children's
2201,Comedy
2202,Adventure
2202,Animation
2202,Children's
2203,Action
2203,Adventure
2203,Animation
2203,Children's
2203,Fantasy
2204,Comedy
2205,Children's
2205,Comedy
2206,Animation
2206,Children's
2206,Musical
2207,Comedy
2208,Animation
2208,Children's
2209,Adventure
2209,Children's
2210,Action
2210,Drama
2210,Thriller
2211,Action
2211,Comedy
2212,Action
2212,Comedy
2213,Drama
2214,Crime
2214,Drama
2215,Drama
2216,Drama
2217,Comedy
2218,Comedy
2219,Comedy
2220,Musical
2221,Comedy
2221,Drama
2222,Comedy
2222,Romance
2223,Animation
2223,Children's
2223,Musical
2224,Comedy
2225,Comedy
2225,Drama
2226,Comedy
2226,Drama
2227,Musical
2228,Comedy
2228,Drama
2229,Drama
2229,Mystery
2229,Romance
2230,Drama
2230,Mystery
2231,Drama
2231,War
2232,Crime
2232,Film-Noir
2232,Thriller
2233,Drama
2233,Western
2234,Action
2234,Comedy
2235,Comedy
2236,Horror
2237,Comedy
2237,Drama
2238,Adventure
2239,Comedy
2240,Comedy
2240,Drama
2241,Drama
2242,Drama
2243,Documentary
2244,Adventure
2244,Children's
2245,Drama
2246,Comedy
2246,Drama
2247,Romance
2248,Drama
2249,Action
2250,Action
2251,Action
2251,Comedy
2252,Action
2252,Drama
2253,Action
2253,Comedy
2253,Drama
2254,Drama
2254,Romance
2255,Comedy
2256,Drama
2257,Drama
2258,Drama
2259,Horror
2259,Thriller
2260,Drama
2261,Action
2261,Comedy
2262,Comedy
2262,Horror
2263,Comedy
2263,Romance
2264,Thriller
2265,Comedy
2266,Action
2266,Adventure
2266,Comedy
2267,Drama
2268,Comedy
2269,Comedy
2270,Children's
2270,Comedy
2270,Fantasy
2271,Crime
2271,Thriller
2272,Children's
2272,Musical
2273,Comedy
2274,Adventure
2274,Romance
2275,Comedy
2275,Romance
2276,Adventure
2276,Children's
2276,Drama
2277,Adventure
2277,Children's
2277,Fantasy
2277,Sci-Fi
2278,Animation
2278,Children's
2279,Comedy
2280,Drama
2281,Drama
2281,Romance
2282,Comedy
2282,Romance
2283,Adventure
2283,Animation
2283,Children's
2283,Fantasy
2284,Animation
2284,Children's
2285,Drama
2285,Romance
2286,Animation
2286,Children's
2286,Comedy
2286,Musical
2287,Animation
2287,Children's
2287,Musical
2288,Comedy
2288,Romance
2289,Animation
2289,Children's
2290,Action
2291,Action
2292,Action
2292,War
2293,Action
2294,Action
2294,Adventure
2295,Action
2295,War
2296,Horror
2296,Sci-Fi
2297,Horror
2298,Horror
2299,Comedy
2299,Drama
2299,Romance
2300,Film-Noir
2300,Thriller
2301,Drama
2302,Thriller
2303,Thriller
2304,Drama
2304,War
2305,Comedy
2305,Romance
2306,Drama
2307,Drama
2308,Drama
2309,Drama
2309,War
2310,Drama
2311,Drama
2312,Drama
2313,Comedy
2314,Comedy
2314,Thriller
2315,Drama
2316,Comedy
2316,Drama
2317,Action
2318,Drama
2318,Thriller
2319,Action
2320,Drama
2321,Drama
2322,Drama
2323,Comedy
2324,Drama
2324,Romance
2325,Romance
2326,Drama
2327,Drama
2327,Musical
2328,Animation
2328,Children's
2328,Comedy
2329,Drama
2330,Drama
2331,Action
2331,Crime
2332,Action
2332,Drama
2333,Drama
2333,Thriller
2334,Thriller
2335,Thriller
2336,Drama
2336,Romance
2336,War
2337,Drama
2338,Comedy
2339,Horror
2340,Documentary
2341,Comedy
2342,Children's
2342,Comedy
2343,Crime
2343,Drama
2344,Crime
2345,Drama
2346,Horror
2347,Drama
2347,Film-Noir
2347,Thriller
2348,Comedy
2348,Drama
2349,Documentary
2350,Adventure
2350,Animation
2350,Children's
2350,Musical
2351,Comedy
2351,Drama
2352,Horror
2352,Thriller
2353,Horror
2353,Thriller
2354,Horror
2355,Horror
2356,Horror
2357,Horror
2358,Horror
2359,Horror
2360,Comedy
2360,Horror
2361,Horror
2362,Drama
2363,Action
2363,Adventure
2363,Horror
2364,Horror
2365,Horror
2366,Action
2366,Horror
2366,Sci-Fi
2367,Drama
2367,Thriller
2368,Horror
2369,Horror
2370,Horror
2371,Horror
2372,Comedy
2373,Sci-Fi
2374,Comedy
2375,Action
2376,Horror
2377,Horror
2377,Sci-Fi
2378,Horror
2378,Thriller
2379,Drama
2379,Horror
2380,Comedy
2381,Sci-Fi
2381,Thriller
2382,Horror
2383,Horror
2384,Western
2385,Horror
2386,Horror
2387,Horror
2388,Horror
2388,Thriller
2389,Horror
2390,Horror
2391,Horror
2392,Horror
2392,Thriller
2393,Horror
2394,Horror
2395,Drama
2396,Comedy
2397,Horror
2397,Thriller
2398,Comedy
2398,Drama
2398,Romance
2399,Children's
2399,Drama
2400,Comedy
2401,Sci-Fi
2402,Horror
2402,Thriller
2403,Western
2404,Drama
2405,Comedy
2406,Horror
2406,Thriller
2407,Drama
2407,Romance
2408,Drama
2409,Action
2409,Horror
2410,Action
2410,Crime
2411,Mystery
2411,Thriller
2412,Drama
2413,Drama
2414,Drama
2415,Crime
2415,Drama
2416,Comedy
2417,Comedy
2418,Comedy
2419,Drama
2420,Drama
2420,Thriller
2421,Drama
2421,Thriller
2422,Action
2422,Adventure
2423,Drama
2424,Action
2424,Thriller
2425,Drama
2426,Drama
2426,Mystery
2427,Action
2428,Drama
2429,Comedy
2430,Drama
2431,Drama
2432,Drama
2432,Western
2433,Action
2433,Comedy
2434,Comedy
2435,Action
2436,Action
2436,War
2437,Thriller
2438,Drama
2439,Crime
2439,Drama
2439,Romance
2440,Comedy
2441,Drama
2442,Drama
2443,Drama
2444,Comedy
2444,Documentary
2445,Drama
2446,Drama
2447,Drama
2448,Crime
2448,Thriller
2449,Thriller
2450,Crime
2450,Mystery
2451,Drama
2452,Drama
2452,Romance
2453,Drama
2454,Thriller
2455,Comedy
2456,Drama
2456,Romance
2457,Drama
2457,War
2458,Western
2459,Crime
2459,Drama
2460,Comedy
2461,Crime
2461,Thriller
2462,Crime
2462,Thriller
2463,Crime
2464,Crime
2464,Drama
2465,Action
2466,Comedy
2466,Crime
2467,Horror
2468,Comedy
2469,Drama
2470,Comedy
2470,Drama
2471,Comedy
2471,Drama
2472,War
2473,Drama
2474,Drama
2475,Drama
2476,Drama
2477,Crime
2478,Drama
2479,Drama
2480,Drama
2481,Drama
2482,Drama
2483,Drama
2484,Drama
2485,Drama
2486,Comedy
2487,Comedy
2487,Drama
2487,Romance
2488,Drama
2489,Comedy
2490,Drama
2490,War
2491,Drama
2492,Drama
2492,Thriller
2493,Drama
2494,Comedy
2495,Thriller
2496,Comedy
2496,Romance
2497,Drama
2497,War
2498,Drama
2499,Comedy
2500,Comedy
2500,Romance
2501,Horror
2501,Sci-Fi
2502,Action
2503,Documentary
2503,War
2504,Comedy
2505,Drama
2506,Drama
2506,Romance
2507,Documentary
2508,Documentary
2508,Musical
2509,Musical
2510,Comedy
2511,Comedy
2512,Documentary
2513,Drama
2514,Documentary
2515,Romance
2516,Drama
2517,Drama
2518,Documentary
2519,Animation
2519,Sci-Fi
2520,Documentary
2521,Horror
2521,Thriller
2522,Documentary
2523,Drama
2524,Drama
2524,Mystery
2525,Drama
2526,Comedy
2526,Musical
2527,Film-Noir
2528,Drama
2529,Drama
2529,Romance
2530,Drama
2530,Romance
2531,Drama
2532,Adventure
2532,Drama
2532,Romance
2533,Drama
2534,Drama
2534,Romance
2535,Comedy
2536,War
2537,Action
2537,Drama
2538,Adventure
2538,Children's
2539,Drama
2539,Fantasy
2540,Drama
2541,Comedy
2541,War
2542,Drama
2543,Comedy
2544,Comedy
2544,Drama
2544,Romance
2545,Action
2545,Drama
2546,Action
2546,Drama
2547,Action
2547,Drama
2548,Action
2548,Drama
2549,Documentary
2550,Action
2551,Comedy
2552,Comedy
2552,Romance
2553,Western
2554,Drama
2555,Sci-Fi
2555,Thriller
2556,Horror
2556,Sci-Fi
2556,Thriller
2557,Adventure
2557,War
2558,Comedy
2559,Drama
2559,Romance
2559,War
2560,Comedy
2561,Thriller
2562,Documentary
2563,Documentary
2564,Drama
2565,Crime
2565,Drama
2566,Action
2566,Comedy
2567,Drama
2567,Romance
2568,Action
2568,Comedy
2568,Crime
2569,Drama
2570,Drama
2571,Film-Noir
2571,Thriller
2572,Drama
2572,Romance
2572,Sci-Fi
2573,Action
2573,Thriller
2574,Documentary
2575,Documentary
2576,Documentary
2577,Documentary
2578,Documentary
2579,Thriller
2580,Comedy
2581,Crime
2581,Drama
2582,Drama
2583,Crime
2584,Comedy
2585,Documentary
2586,Crime
2587,Drama
2588,Romance
2589,Comedy
2589,Crime
2590,Comedy
2591,Comedy
2592,Comedy
2592,Romance
2593,Drama
2593,Romance
2594,Comedy
2594,Romance
2595,Drama
2595,Romance
2596,Drama
2596,Romance
2597,Comedy
2598,Drama
2599,Drama
2600,Comedy
2600,Romance
2601,Drama
2602,Drama
2603,Comedy
2603,Romance
2604,Comedy
2604,Drama
2605,Romance
2606,Comedy
2607,Comedy
2608,Comedy
2609,Drama
2610,Adventure
2610,Drama
2611,Comedy
2611,Drama
2612,Comedy
2613,Comedy
2614,Comedy
2614,Musical
2614,Romance
2615,Drama
2616,Drama
2617,Action
2617,Adventure
2618,Comedy
2619,Comedy
2619,Drama
2620,Comedy
2621,Comedy
2622,Children's
2622,Comedy
2622,Drama
2623,Horror
2624,Drama
2625,Drama
2626,Drama
2627,Documentary
2628,Documentary
2629,Drama
2630,Drama
2631,Documentary
2632,Drama
2633,Drama
2634,Action
2634,Adventure
2635,Comedy
2636,Action
2636,Comedy
2637,Drama
2638,Action
2638,Comedy
2638,Crime
2638,Drama
2639,Romance
2640,Action
2641,Horror
2642,Horror
2643,Action
2643,Adventure
2643,Thriller
2644,Horror
2645,Drama
2645,Romance
2646,Horror
2647,Horror
2648,Action
2648,Comedy
2649,Comedy
2649,Romance
2650,Action
2650,Thriller
2651,Horror
2652,Action
2652,Thriller
2653,Drama
2654,Action
2655,Horror
2655,Mystery
2656,Action
2656,Thriller
2657,Horror
2657,Thriller
2658,Action
2658,Crime
2659,Drama
2660,Comedy
2660,Horror
2661,Comedy
2662,Horror
2662,Sci-Fi
2663,Sci-Fi
2664,Animation
2664,Sci-Fi
2665,Children's
2665,Comedy
2666,Comedy
2667,Comedy
2668,Drama
2669,Drama
2670,Comedy
2670,Drama
2671,Horror
2672,Comedy
2672,Drama
2673,Adventure
2673,Sci-Fi
2674,Drama
2674,Mystery
2675,Adventure
2675,Children's
2676,Adventure
2676,Children's
2677,Drama
2678,Action
2679,Comedy
2680,Drama
2681,Drama
2682,Western
2683,Comedy
2684,Drama
2685,Drama
2686,Comedy
2687,Drama
2688,Drama
2688,Romance
2689,Documentary
2690,Documentary
2691,Drama
2692,Drama
2693,Drama
2694,Drama
2695,Comedy
2695,Romance
2696,Sci-Fi
2697,Drama
2698,Drama
2699,Thriller
2700,Drama
2701,Thriller
2702,Drama
2703,Comedy
2704,Thriller
2705,Drama
2706,Comedy
2707,Drama
2708,Drama
2709,Drama
2710,Comedy
2710,Drama
2711,Documentary
2712,Drama
2712,Horror
2712,Thriller
2713,Drama
2714,Drama
2715,Drama
2716,Drama
2717,Comedy
2717,Documentary
2718,Thriller
2719,Drama
2720,Documentary
2721,Drama
2722,Documentary
2723,Drama
2724,Drama
2725,Drama
2725,Thriller
2726,Comedy
2727,Drama
2728,Crime
2728,Film-Noir
2729,Documentary
2730,Documentary
2731,Adventure
2731,Drama
2732,Mystery
2732,Sci-Fi
2733,Drama
2734,Drama
2735,Documentary
2736,Drama
2737,Drama
2738,Comedy
2739,Comedy
2740,Comedy
2741,Comedy
2741,Romance
2742,Action
2742,Drama
2743,Drama
2744,Horror
2745,Action
2745,Mystery
2745,Thriller
2746,Drama
2747,Comedy
2748,Drama
2749,Drama
2750,Thriller
2751,Drama
2752,Drama
2753,Drama
2754,Drama
2755,Drama
2756,Children's
2756,Drama
2757,Comedy
2757,Drama
2758,Drama
2759,Comedy
2759,Drama
2760,Drama
2761,Drama
2762,Drama
2762,Thriller
2763,Drama
2764,Drama
2765,Drama
2765,Romance
2766,Drama
2766,Romance
2767,Drama
2768,Drama
2769,Drama
2770,Drama
2771,Drama
2771,Romance
2772,Crime
2772,Drama
2773,Drama
2774,Drama
2775,Horror
2776,Drama
2777,Drama
2778,Drama
2779,Adventure
2780,Action
2780,Drama
2780,Thriller
2781,Action
2781,Horror
2781,Sci-Fi
2782,Action
2782,Sci-Fi
2783,Drama
2783,Thriller
2784,Action
2784,Adventure
2784,Thriller
2785,Drama
2785,Romance
2786,Comedy
2786,Drama
2787,Documentary
2788,Comedy
2788,Romance
2789,Comedy
2790,Comedy
2791,Drama
2792,Romance
2792,Thriller
2793,Comedy
2794,Comedy
2795,Drama
2796,Comedy
2797,Drama
2798,Drama
2799,Crime
2800,Drama
2801,Drama
2802,Drama
2803,Adventure
2803,Sci-Fi
2804,Drama
2805,Drama
2806,Comedy
2806,Horror
2806,Thriller
2807,Drama
2808,Drama
2808,Horror
2809,Drama
2809,Romance
2810,Comedy
2811,Action
2811,Adventure
2812,Drama
2813,Action
2813,Drama
2814,Horror
2814,Thriller
2815,Comedy
2816,Drama
2816,Mystery
2817,Horror
2818,Drama
2819,Drama
2820,Drama
2821,Drama
2822,Drama
2823,Drama
2824,War
2825,Comedy
2825,Drama
2826,Drama
2827,Comedy
2828,Comedy
2828,Romance
2829,Drama
2830,Drama
2831,Comedy
2831,Romance
2832,Crime
2832,Drama
2833,Comedy
2833,Drama
2834,Comedy
2834,Romance
2835,Comedy
2836,Horror
2837,Comedy
2837,Drama
2838,Comedy
2839,Horror
2840,Comedy
2840,Romance
2841,Comedy
2842,Drama
2843,Comedy
2844,Drama
2845,Drama
2846,Comedy
2847,Comedy
2848,Comedy
2849,Comedy
2849,Drama
2850,Comedy
2850,Drama
2850,Romance
2851,Drama
2852,Adventure
2852,Animation
2852,Children's
2853,Action
2853,Drama
2854,Action
2854,Drama
2855,Documentary
2856,Documentary
2857,Thriller
2858,Crime
2858,Drama
2858,Thriller
2859,Mystery
2860,Horror
2861,Thriller
2862,Children's
2862,Drama
2863,Action
2863,Crime
2863,Romance
2864,Drama
2865,Comedy
2866,Comedy
2866,Drama
2867,Comedy
2868,Comedy
2869,Adventure
2869,Children's
2869,Comedy
2870,Comedy
2871,Comedy
2872,Comedy
2873,Comedy
2874,Drama
2875,Comedy
2876,Drama
2877,Western
2878,Comedy
2879,Comedy
2880,Drama
2880,Romance
2881,Crime
2882,Comedy
2883,Comedy
2884,Comedy
2885,Comedy
2886,Comedy
2886,Drama
2887,Drama
2888,Comedy
2889,Comedy
2889,Romance
2890,Comedy
2891,Comedy
2891,Drama
2892,Comedy
2892,Horror
2893,Children's
2893,Comedy
2894,Children's
2894,Comedy
2895,Horror
2895,Sci-Fi
2896,Mystery
2897,Thriller
2898,Comedy
2898,Drama
2899,Thriller
2900,Drama
2901,Drama
2902,Drama
2903,Drama
2904,Comedy
2905,Drama
2906,Comedy
2906,Drama
2906,Romance
2907,Drama
2908,Comedy
2908,Drama
2909,Action
2909,Crime
2910,Drama
2911,Drama
2912,Drama
2913,Drama
2913,Romance
2914,Drama
2915,Drama
2915,Romance
2916,Action
2916,Horror
2917,Drama
2918,Comedy
2919,Drama
2919,War
2920,Comedy
2921,Comedy
2922,Comedy
2923,Drama
2924,Drama
2925,Comedy
2925,Mystery
2926,Documentary
2927,Drama
2928,Crime
2928,Drama
2928,Film-Noir
2929,Documentary
2930,Comedy
2930,Horror
2930,Thriller
2931,Comedy
2931,War
2932,Drama
2932,Romance
2933,Children's
2933,Comedy
2934,Drama
2935,Drama
2936,Drama
2937,Drama
2938,Drama
2939,Drama
2940,Drama
2941,Drama
2942,Drama
2942,Romance
2943,Action
2943,Drama
2944,Action
2944,Adventure
2945,Adventure
2946,War
2947,Horror
2948,Western
2949,Horror
2949,Thriller
2950,Horror
2951,Western
2952,Documentary
2952,Drama
2953,Action
2953,Comedy
2954,Comedy
2954,Drama
2955,Comedy
2956,Action
2956,Drama
2957,Drama
2957,Romance
2958,Horror
2958,Sci-Fi
2959,Comedy
2960,Comedy
2961,Drama
2962,Crime
2962,Drama
2962,Thriller
2963,Horror
2963,Sci-Fi
2964,Horror
2964,Thriller
2965,Comedy
2965,Horror
2966,Action
2966,Horror
2967,Horror
2968,Horror
2969,Horror
2969,Sci-Fi
2970,Horror
2971,Horror
2972,Horror
2973,Horror
2973,Sci-Fi
2974,Horror
2974,Thriller
2975,Horror
2975,Sci-Fi
2976,Horror
2977,Horror
2977,Sci-Fi
2978,Horror
2979,Comedy
2979,Horror
2980,Children's
2980,Comedy
2981,War
2982,Drama
2983,Drama
2983,Romance
2984,Comedy
2984,Drama
2985,Mystery
2986,Children's
2986,Drama
2987,Comedy
2988,Drama
2988,Thriller
2989,Adventure
2989,Children's
2990,Children's
2990,Comedy
2991,Comedy
2991,Horror
2992,Drama
2992,Romance
2993,Comedy
2994,Horror
2995,Thriller
2996,Crime
2996,Drama
2997,Horror
2998,Horror
2999,Comedy
3000,Documentary
3001,Drama
3002,Horror
3003,Horror
3004,Horror
3005,Horror
3006,Horror
3007,Horror
3008,Thriller
3009,Drama
3009,Thriller
3010,Comedy
3011,Action
3011,War
3012,Comedy
3013,Drama
3014,Comedy
3014,Crime
3015,Thriller
3016,Comedy
3017,Children's
3017,Comedy
3018,Comedy
3018,Drama
3018,Romance
3019,Drama
3020,Comedy
3021,Drama
3022,Drama
3023,Comedy
3024,Crime
3025,Horror
3025,Thriller
3026,Horror
3027,Comedy
3028,Comedy
3029,Action
3030,Horror
3030,Sci-Fi
3030,Thriller
3031,Action
3031,Crime
3032,Adventure
3032,Children's
3033,Children's
3034,Adventure
3034,Children's
3035,Mystery
3035,Thriller
3036,Horror
3036,Sci-Fi
3037,Drama
3038,Drama
3038,Romance
3039,Drama
3040,Drama
3041,Drama
3042,Drama
3043,Mystery
3043,Thriller
3044,Drama
3045,Drama
3046,Documentary
3047,Drama
3048,Drama
3049,Drama
3050,Drama
3051,Comedy
3051,Romance
3052,Documentary
3053,Drama
3054,Drama
3055,Action
3055,Adventure
3055,Children's
3055,Fantasy
3056,Comedy
3057,Comedy
3058,Comedy
3059,Comedy
3060,Thriller
3061,Comedy
3062,Drama
3063,Comedy
3064,Drama
3064,Romance
3065,Crime
3066,Drama
3067,Drama
3068,Drama
3069,Drama
3069,Thriller
3070,Drama
3070,Romance
3071,Crime
3071,Drama
3072,Drama
3073,Mystery
3073,Thriller
3074,Thriller
3075,Comedy
3075,Drama
3076,Drama
3076,Romance
3077,Children's
3077,Drama
3078,Comedy
3078,Musical
3078,Romance
3079,Adventure
3079,Comedy
3080,Film-Noir
3081,Action
3081,Sci-Fi
3082,Animation
3082,Mystery
3083,Drama
3083,Romance
3084,Comedy
3084,Drama
3085,Comedy
3085,Drama
3085,Romance
3086,Romance
3087,War
3088,Drama
3089,Drama
3090,Comedy
3091,Action
3091,Drama
3092,Comedy
3093,Crime
3093,Drama
3094,Comedy
3095,Thriller
3096,Children's
3096,Comedy
3097,Comedy
3098,Comedy
3098,Romance
3099,Comedy
3099,Western
3100,Western
3101,Comedy
3101,Romance
3102,Comedy
3103,Drama
3104,Drama
3104,Romance
3105,Comedy
3105,Drama
3106,Documentary
3106,Drama
3107,Horror
3108,Horror
3109,Horror
3110,Drama
3111,Horror
3112,Film-Noir
3113,Comedy
3114,Drama
3115,Comedy
3115,Drama
3116,Comedy
3116,Crime
3116,Drama
3117,Comedy
3117,Romance
3118,Comedy
3119,Comedy
3119,Romance
3120,Drama
3121,Adventure
3121,Children's
3122,Comedy
3122,Romance
3123,Comedy
3124,Documentary
3125,Comedy
3125,Romance
3126,Thriller
3127,Drama
3127,Sci-Fi
3128,Comedy
3128,Drama
3129,Drama
3130,Adventure
3130,Children's
3131,Drama
3132,Drama
3133,Drama
3134,Horror
3135,Horror
3136,Comedy
3137,Comedy
3138,Horror
3139,Drama
3139,Thriller
3140,Action
3141,Comedy
3142,Comedy
3143,Horror
3143,Thriller
3144,Action
3144,Adventure
3144,Sci-Fi
3145,Comedy
3146,Comedy
3147,Comedy
3147,Drama
3148,Drama
3149,Action
3149,Adventure
3149,Sci-Fi
3150,Comedy
3151,Drama
3151,Mystery
3152,Comedy
3152,Drama
3153,Comedy
3154,Drama
3155,Drama
3156,Drama
3157,Horror
3158,Drama
3158,Romance
3158,Western
3159,Drama
3159,War
3160,Romance
3160,Western
3161,Drama
3161,Romance
3162,Drama
3163,Comedy
3164,Romance
3165,Drama
3166,Crime
3167,Comedy
3168,Adventure
3168,Children's
3168,Fantasy
3169,Drama
3170,Action
3170,Adventure
3171,Drama
3172,Horror
3172,Sci-Fi
3173,Drama
3174,Crime
3175,Comedy
3175,Crime
3175,Thriller
3176,Drama
3177,Drama
3178,Documentary
3179,Action
3179,Comedy
3180,Comedy
3180,Drama
3181,Adventure
3181,Children's
3182,Drama
3183,Mystery
3183,Thriller
3184,Crime
3185,Drama
3185,Thriller
3186,Action
3186,Adventure
3186,Drama
3187,Crime
3188,Thriller
3189,Thriller
3190,Drama
3191,Drama
3191,Thriller
3192,Comedy
3193,Drama
3194,Comedy
3194,Romance
3195,Thriller
3196,Drama
3196,Romance
3197,Adventure
3197,Drama
3198,Crime
3198,Horror
3199,Drama
3199,Western
3200,Horror
3201,Musical
3202,Drama
3203,Drama
3204,Horror
3205,Documentary
3206,Thriller
3207,Thriller
3208,Thriller
3209,Thriller
3210,Action
3211,Comedy
3212,Drama
3213,Comedy
3214,Thriller
3215,Comedy
3216,Action
3216,Drama
3217,Sci-Fi
3218,Animation
3218,Children's
3218,Comedy
3219,Sci-Fi
3220,Animation
3220,Children's
3221,Sci-Fi
3222,Animation
3222,Children's
3222,Musical
3223,Animation
3223,Children's
3223,Musical
3224,Drama
3224,Thriller
3225,Comedy
3226,Action
3226,War
3227,Comedy
3228,Comedy
3228,Film-Noir
3228,Thriller
3229,Drama
3230,Comedy
3231,Comedy
3231,Thriller
3232,Crime
3232,Drama
3233,Drama
3233,Romance
3234,Horror
3234,Sci-Fi
3235,Horror
3236,Drama
3237,Comedy
3238,Comedy
3239,Comedy
3239,Drama
3240,Action
3240,Drama
3241,Comedy
3242,Crime
3242,Drama
3243,Comedy
3244,Children's
3244,Drama
3245,Western
3246,Comedy
3246,Drama
3247,Comedy
3248,Action
3249,Comedy
3249,Drama
3250,Horror
3251,Crime
3251,Drama
3252,Drama
3253,Drama
3254,Drama
3255,Documentary
3256,Drama
3257,Comedy
3258,Romance
3259,Drama
3260,Drama
3261,Drama
3262,Thriller
3263,Drama
3264,Crime
3264,Drama
3265,Drama
3266,Drama
3267,Drama
3267,Thriller
3268,Comedy
3268,Drama
3269,Drama
3270,Drama
3271,Drama
3272,Drama
3273,Drama
3274,Comedy
3275,Drama
3276,Drama
3276,War
3277,Drama
3278,Action
3279,Drama
3280,Drama
3281,Comedy
3282,Drama
3283,Comedy
3284,Comedy
3285,Action
3285,Comedy
3285,Crime
3285,Drama
3286,Drama
3287,Film-Noir
3288,Animation
3288,Children's
3289,Drama
3290,Comedy
3290,Drama
3291,Drama
3292,Documentary
3293,Comedy
3294,Thriller
3295,Mystery
3295,Thriller
3296,Comedy
3297,Comedy
3298,Comedy
3298,Romance
3299,Romance
3300,Drama
3300,Romance
3301,Comedy
3301,Drama
3301,Romance
3302,Animation
3302,Comedy
3302,Thriller
3303,Comedy
3303,Romance
3304,Comedy
3305,Drama
3306,Horror
3307,Comedy
3307,Drama
3308,Comedy
3309,Documentary
3310,Drama
3311,Drama
3312,Comedy
3312,Drama
3313,Romance
3314,Comedy
3315,Drama
3316,Comedy
3316,Drama
3316,Romance
3317,Mystery
3318,Comedy
3319,Adventure
3319,Romance
3320,Documentary
3321,Sci-Fi
3322,Drama
3322,Mystery
3323,Action
3323,Thriller
3324,Drama
3325,Adventure
3325,Children's
3326,Drama
3327,Comedy
3327,Romance
3328,Horror
3329,Crime
3329,Drama
3330,Drama
3331,Documentary
3332,Drama
3333,Documentary
3334,Documentary
3335,Comedy
3336,Fantasy
3337,Drama
3338,Drama
3339,Drama
3339,Romance
3340,Crime
3340,Thriller
3341,Drama
3342,Documentary
3343,Romance
3344,Horror
3345,Children's
3346,Comedy
3347,Comedy
3347,Drama
3347,Romance
3348,Documentary
3349,Musical
3350,Comedy
3350,Drama
3351,Action
3351,Thriller
3352,Action
3353,Drama
3354,Action
3355,Drama
3356,Drama
3357,Comedy
3358,Drama
3359,Film-Noir
3360,Comedy
3361,Drama
3362,Drama
3363,Romance
3364,Adventure
3364,Romance
3365,Horror
3365,Sci-Fi
3366,Drama
3367,Drama
3367,Romance
3367,War
3368,Romance
3368,War
3369,Comedy
3370,Crime
3371,Drama
3372,Drama
3373,Horror
3374,Comedy
3375,Comedy
3376,Drama
3376,War
3377,Documentary
3378,Drama
3379,Drama
3380,Drama
3381,Drama
3382,Comedy
3383,Drama
3383,Thriller
3384,Crime
3384,Drama
3384,Mystery
3385,Drama
3386,Comedy
3387,Horror
3388,Comedy
3388,Horror
3389,Horror
3390,Horror
3391,Horror
3392,Comedy
3392,Romance
3393,Adventure
3394,Comedy
3395,Drama
3396,Drama
3397,Drama
3398,Drama
3399,Drama
3400,Drama
3401,Drama
3401,Western
3402,Crime
3402,Drama
3403,Drama
3404,Drama
3405,Drama
3406,Drama
3407,Drama
3408,Documentary
3408,Drama
3409,Drama
3410,Drama
3411,Drama
3412,Drama
3413,Drama
3414,Drama
3415,Drama
3416,Drama
3417,Comedy
3417,Drama
3418,Drama
3419,Drama
3420,Drama
3421,Drama
3422,Crime
3422,Drama
3423,Comedy
3423,Romance
3424,Comedy
3425,Drama
3426,Crime
3426,Thriller
3427,Drama
3428,Comedy
3428,Drama
3429,Western
3430,Horror
3431,Action
3431,Drama
3432,Sci-Fi
3433,Western
3434,Drama
3435,Comedy
3436,Thriller
3437,Comedy
3438,Drama
3438,Romance
3439,Drama
3440,Documentary
3441,Documentary
3442,Comedy
3443,Documentary
3444,Documentary
3445,Crime
3445,Thriller
3446,Drama
3447,Drama
3448,Documentary
3449,Drama
3449,Romance
3450,Drama
3451,Drama
3452,Drama
3453,Drama
3454,Adventure
3455,Drama
3456,Action
3457,Drama
3458,Horror
3459,Western
3460,Action
3460,Thriller
3461,Thriller
3462,Comedy
3463,Comedy
3464,Documentary
3465,Comedy
3465,Drama
3466,Drama
3467,Horror
3468,Film-Noir
3468,Horror
3469,Film-Noir
3470,Comedy
3471,Comedy
3471,Crime
3472,Drama
3473,Drama
3473,Romance
3474,Drama
3475,Drama
3476,Drama
3477,Comedy
3478,Adventure
3478,Drama
3479,Drama
3480,Comedy
3481,Drama
3482,Drama
3483,Drama
3484,Comedy
3484,Romance
3485,Drama
3486,Drama
3487,Action
3488,Thriller
3489,Crime
3489,Drama
3490,Documentary
3491,Comedy
3491,Western
3492,Comedy
3493,Documentary
3494,Drama
3495,Thriller
3496,Drama
3496,War
3497,Drama
3498,Drama
3499,Drama
3500,Horror
3501,Drama
3502,Drama
3503,Comedy
3503,Drama
3504,Mystery
3505,Documentary
3506,Comedy
3507,Drama
3507,Thriller
3508,Drama
3508,Horror
3509,Adventure
3509,Drama
3510,Horror
3511,Drama
3512,Comedy
3512,Drama
3513,Adventure
3513,Western
3514,Drama
3515,Comedy
3516,Drama
3517,Documentary
3518,Sci-Fi
3519,Drama
3520,Romance
3521,Comedy
3522,Comedy
3523,Drama
3524,Drama
3525,Drama
3526,Western
3527,Documentary
3528,Documentary
3529,Comedy
3530,Adventure
3531,Drama
3532,Thriller
3533,Comedy
3534,Drama
3535,Drama
3535,Thriller
3536,Comedy
3536,Thriller
3537,Comedy
3538,Documentary
3539,Comedy
3539,Drama
3540,Comedy
3540,Drama
3541,Action
3542,Drama
3543,Horror
3544,Romance
3545,Comedy
3545,Romance
3546,Comedy
3547,Comedy
3547,Romance
3548,Comedy
3549,Action
3549,Mystery
3549,Thriller
3550,Drama
3551,Comedy
3552,Romance
3553,Horror
3554,Documentary
3555,Drama
3556,Romance
3557,Drama
3558,Horror
3559,Drama
3560,Horror
3560,Sci-Fi
3560,Thriller
3561,Drama
3562,Drama
3563,Drama
3563,War
3564,Drama
3565,Comedy
3566,Drama
3567,Drama
3567,Romance
3568,Drama
3569,Drama
3570,Drama
3571,Comedy
3571,Drama
3572,Comedy
3572,Romance
3573,Drama
3574,Drama
3575,Romance
3575,Thriller
3576,Documentary
3577,Drama
3578,Horror
3579,Comedy
3580,Drama
3581,Crime
3581,Drama
3582,Comedy
3583,Drama
3584,Comedy
3584,Drama
3585,Documentary
3586,Adventure
3586,Children's
3587,Drama
3588,Comedy
3588,Musical
3589,Comedy
3590,Drama
3591,Documentary
3592,Crime
3593,Documentary
3594,Comedy
3595,Horror
3596,Drama
3597,Action
3597,Drama
3598,Drama
3599,Comedy
3600,Horror
3601,Drama
3602,Drama
3603,Romance
3603,War
3604,Romance
3605,Adventure
3606,Comedy
3607,Drama
3608,Drama
3608,Romance
3609,Comedy
3610,Documentary
3611,Drama
3612,Action
3612,Drama
3612,Thriller
3613,Drama
3614,Adventure
3615,Romance
3616,Documentary
3617,Drama
3618,Drama
3619,Western
3620,Drama
3621,Comedy
3621,Drama
3622,Drama
3623,Sci-Fi
3624,Documentary
3625,Documentary
3626,Thriller
3627,Drama
3628,Comedy
3629,Comedy
3630,Documentary
3631,Horror
3632,Adventure
3633,Drama
3634,Comedy
3635,Drama
3636,Comedy
3637,Horror
3638,Drama
3639,Comedy
3639,Musical
3640,Comedy
3640,Musical
3641,Drama
3642,Comedy
3642,Musical
3643,Romance
3644,Horror
3644,Thriller
3645,Drama
3646,Action
3647,Comedy
3648,Western
3649,Drama
3650,Comedy
3651,Crime
3651,Drama
3652,Drama
3653,Drama
3654,Thriller
3655,Comedy
3656,Drama
3657,Drama
3658,Drama
3659,Drama
3660,Drama
3661,Thriller
3662,Drama
3663,Crime
3663,Drama
3664,Drama
3665,Comedy
3665,Drama
3666,Drama
3667,Drama
3668,Adventure
3669,Drama
3670,Drama
3671,Comedy
3672,Comedy
3673,Comedy
3673,Drama
3674,Comedy
3675,Thriller
3676,Drama
3677,Musical
3678,Action
3678,Drama
3679,Drama
3680,Documentary
3681,Drama
3682,Crime
3682,Drama
3683,Drama
3684,Documentary
3685,Drama
3686,Action
3686,Crime
3687,Action
3687,Drama
3687,Thriller
3688,Action
3689,Drama
3689,War
3690,Documentary
3691,Comedy
3692,Action
3692,Drama
3692,Thriller
3693,Crime
3694,Drama
3694,Thriller
3695,Comedy
3695,Crime
3696,Drama
3697,Drama
3698,Children's
3698,Comedy
3699,Action
3699,Sci-Fi
3699,Thriller
3700,Comedy
3701,Documentary
3702,Drama
3703,Drama
3704,Comedy
3704,Drama
3704,Western
3705,Documentary
